ชื่อกลุ่ม,ลิงค์,PostURL
ขายบ้านและที่ดินเชียงใหม่,https://www.facebook.com/groups/302468990428489/,https://www.facebook.com/groups/302468990428489/posts/1750694105605963/
ขายบ้านและที่ดินเชียงใหม่,https://www.facebook.com/groups/302468990428489/,https://www.facebook.com/groups/302468990428489/posts/1750690995606274/
ขายบ้านและที่ดินเชียงใหม่,https://www.facebook.com/groups/302468990428489/,https://www.facebook.com/groups/302468990428489/posts/1750689498939757/
ขายบ้านและที่ดินเชียงใหม่,https://www.facebook.com/groups/302468990428489/,https://www.facebook.com/groups/302468990428489/posts/1750683135607060/
ขายบ้านและที่ดินเชียงใหม่,https://www.facebook.com/groups/302468990428489/,https://www.facebook.com/groups/302468990428489/posts/1750682295607144/
ขายบ้านและที่ดินเชียงใหม่,https://www.facebook.com/groups/302468990428489/,https://www.facebook.com/groups/302468990428489/posts/1750679478940759/
ขายบ้านและที่ดินเชียงใหม่,https://www.facebook.com/groups/302468990428489/,https://www.facebook.com/groups/302468990428489/posts/1750687098939997/
ขายบ้านและที่ดินเชียงใหม่,https://www.facebook.com/groups/302468990428489/,https://www.facebook.com/groups/302468990428489/posts/1750685335606840/
ขายบ้านและที่ดินเชียงใหม่,https://www.facebook.com/groups/302468990428489/,https://www.facebook.com/groups/302468990428489/posts/1750685262273514/
ขายบ้านและที่ดินเชียงใหม่,https://www.facebook.com/groups/302468990428489/,https://www.facebook.com/groups/302468990428489/posts/1750683312273709/
ซื้อขายบ้านและที่ดินใน จ.เชียงใหม่ และ ภาคเหนือ,https://www.facebook.com/groups/322977734828852/,https://www.facebook.com/groups/322977734828852/posts/2479802775812993/
ซื้อขายบ้านและที่ดินใน จ.เชียงใหม่ และ ภาคเหนือ,https://www.facebook.com/groups/322977734828852/,https://www.facebook.com/groups/322977734828852/posts/2479800395813231/
ซื้อขายบ้านและที่ดินใน จ.เชียงใหม่ และ ภาคเหนือ,https://www.facebook.com/groups/322977734828852/,https://www.facebook.com/groups/322977734828852/posts/2479797989146805/
ซื้อขายบ้านและที่ดินใน จ.เชียงใหม่ และ ภาคเหนือ,https://www.facebook.com/groups/322977734828852/,https://www.facebook.com/groups/322977734828852/posts/2479799682479969/
ซื้อขายบ้านและที่ดินใน จ.เชียงใหม่ และ ภาคเหนือ,https://www.facebook.com/groups/322977734828852/,https://www.facebook.com/groups/322977734828852/posts/2479794769147127/
ซื้อขายบ้านและที่ดินใน จ.เชียงใหม่ และ ภาคเหนือ,https://www.facebook.com/groups/322977734828852/,https://www.facebook.com/groups/322977734828852/posts/2479799192480018/
ซื้อขายบ้านและที่ดินใน จ.เชียงใหม่ และ ภาคเหนือ,https://www.facebook.com/groups/322977734828852/,https://www.facebook.com/groups/322977734828852/posts/2478758432584094/
ซื้อขายบ้านและที่ดินใน จ.เชียงใหม่ และ ภาคเหนือ,https://www.facebook.com/groups/322977734828852/,https://www.facebook.com/groups/322977734828852/posts/2479796362480301/
ซื้อขายบ้านและที่ดินใน จ.เชียงใหม่ และ ภาคเหนือ,https://www.facebook.com/groups/322977734828852/,https://www.facebook.com/groups/322977734828852/posts/2479662809160323/
ซื้อขายบ้านและที่ดินใน จ.เชียงใหม่ และ ภาคเหนือ,https://www.facebook.com/groups/322977734828852/,https://www.facebook.com/groups/322977734828852/posts/2479788982481039/
บ้านเช่า เชียงใหม่,https://www.facebook.com/groups/812156038944325/,https://www.facebook.com/groups/812156038944325/posts/3359748484185055/
บ้านเช่า เชียงใหม่,https://www.facebook.com/groups/812156038944325/,https://www.facebook.com/groups/812156038944325/posts/3359737867519450/
บ้านเช่า เชียงใหม่,https://www.facebook.com/groups/812156038944325/,https://www.facebook.com/groups/812156038944325/posts/3359735324186371/
บ้านเช่า เชียงใหม่,https://www.facebook.com/groups/812156038944325/,https://www.facebook.com/groups/812156038944325/posts/3359732184186685/
บ้านเช่า เชียงใหม่,https://www.facebook.com/groups/812156038944325/,https://www.facebook.com/groups/812156038944325/posts/3359731547520082/
บ้านเช่า เชียงใหม่,https://www.facebook.com/groups/812156038944325/,https://www.facebook.com/groups/812156038944325/posts/3359725180854052/
บ้านเช่า เชียงใหม่,https://www.facebook.com/groups/812156038944325/,https://www.facebook.com/groups/812156038944325/posts/3359722947520942/
บ้านเช่า เชียงใหม่,https://www.facebook.com/groups/812156038944325/,https://www.facebook.com/groups/812156038944325/posts/3359721267521110/
บ้านเช่า เชียงใหม่,https://www.facebook.com/groups/812156038944325/,https://www.facebook.com/groups/812156038944325/posts/3359718390854731/
บ้านเช่า เชียงใหม่,https://www.facebook.com/groups/812156038944325/,https://www.facebook.com/groups/812156038944325/posts/3359708620855708/
บ้านเช่า คอนโด หอพัก ห้องว่าง ห้องเช่า เชียงใหม่ Chiang Mai house forrent,https://www.facebook.com/groups/1472146056424210/,https://www.facebook.com/groups/1472146056424210/posts/3756148864690573/
บ้านเช่า คอนโด หอพัก ห้องว่าง ห้องเช่า เชียงใหม่ Chiang Mai house forrent,https://www.facebook.com/groups/1472146056424210/,https://www.facebook.com/groups/1472146056424210/posts/3758337384471721/
บ้านเช่า คอนโด หอพัก ห้องว่าง ห้องเช่า เชียงใหม่ Chiang Mai house forrent,https://www.facebook.com/groups/1472146056424210/,https://www.facebook.com/groups/1472146056424210/posts/3759310821041044/
บ้านเช่า คอนโด หอพัก ห้องว่าง ห้องเช่า เชียงใหม่ Chiang Mai house forrent,https://www.facebook.com/groups/1472146056424210/,https://www.facebook.com/groups/1472146056424210/posts/3759307501041376/
บ้านเช่า คอนโด หอพัก ห้องว่าง ห้องเช่า เชียงใหม่ Chiang Mai house forrent,https://www.facebook.com/groups/1472146056424210/,https://www.facebook.com/groups/1472146056424210/posts/3725180001120793/
บ้านเช่า คอนโด หอพัก ห้องว่าง ห้องเช่า เชียงใหม่ Chiang Mai house forrent,https://www.facebook.com/groups/1472146056424210/,https://www.facebook.com/groups/1472146056424210/posts/3740854272886699/
บ้านเช่า คอนโด หอพัก ห้องว่าง ห้องเช่า เชียงใหม่ Chiang Mai house forrent,https://www.facebook.com/groups/1472146056424210/,https://www.facebook.com/groups/1472146056424210/posts/3741048686200591/
บ้านเช่า คอนโด หอพัก ห้องว่าง ห้องเช่า เชียงใหม่ Chiang Mai house forrent,https://www.facebook.com/groups/1472146056424210/,https://www.facebook.com/groups/1472146056424210/posts/3550815268557268/
บ้านเช่า คอนโด หอพัก ห้องว่าง ห้องเช่า เชียงใหม่ Chiang Mai house forrent,https://www.facebook.com/groups/1472146056424210/,https://www.facebook.com/groups/1472146056424210/posts/3753135468325246/
บ้านเช่า คอนโด หอพัก ห้องว่าง ห้องเช่า เชียงใหม่ Chiang Mai house forrent,https://www.facebook.com/groups/1472146056424210/,https://www.facebook.com/groups/1472146056424210/posts/3759058021066324/
บ้านเช่า คอนโด ห้องพัก รายวัน-รายเดือน เชียงใหม่ House for rent Chiangmai,https://www.facebook.com/groups/426467944402414/,https://www.facebook.com/groups/426467944402414/posts/2500042077044980/
บ้านเช่า คอนโด ห้องพัก รายวัน-รายเดือน เชียงใหม่ House for rent Chiangmai,https://www.facebook.com/groups/426467944402414/,https://www.facebook.com/groups/426467944402414/posts/2499186790463842/
บ้านเช่า คอนโด ห้องพัก รายวัน-รายเดือน เชียงใหม่ House for rent Chiangmai,https://www.facebook.com/groups/426467944402414/,https://www.facebook.com/groups/426467944402414/posts/2500028093713045/
บ้านเช่า คอนโด ห้องพัก รายวัน-รายเดือน เชียงใหม่ House for rent Chiangmai,https://www.facebook.com/groups/426467944402414/,https://www.facebook.com/groups/426467944402414/posts/2500020333713821/
บ้านเช่า คอนโด ห้องพัก รายวัน-รายเดือน เชียงใหม่ House for rent Chiangmai,https://www.facebook.com/groups/426467944402414/,https://www.facebook.com/groups/426467944402414/posts/2500023243713530/
บ้านเช่า คอนโด ห้องพัก รายวัน-รายเดือน เชียงใหม่ House for rent Chiangmai,https://www.facebook.com/groups/426467944402414/,https://www.facebook.com/groups/426467944402414/posts/2499999713715883/
บ้านเช่า คอนโด ห้องพัก รายวัน-รายเดือน เชียงใหม่ House for rent Chiangmai,https://www.facebook.com/groups/426467944402414/,https://www.facebook.com/groups/426467944402414/posts/2236887813360409/
บ้านเช่า คอนโด ห้องพัก รายวัน-รายเดือน เชียงใหม่ House for rent Chiangmai,https://www.facebook.com/groups/426467944402414/,https://www.facebook.com/groups/426467944402414/posts/2499927107056477/
บ้านเช่า คอนโด ห้องพัก รายวัน-รายเดือน เชียงใหม่ House for rent Chiangmai,https://www.facebook.com/groups/426467944402414/,https://www.facebook.com/groups/426467944402414/posts/2499912670391254/
บ้านเช่า คอนโด ห้องพัก รายวัน-รายเดือน เชียงใหม่ House for rent Chiangmai,https://www.facebook.com/groups/426467944402414/,https://www.facebook.com/groups/426467944402414/posts/2499894690393052/
บ้านเช่าเชียงใหม่,https://www.facebook.com/groups/homerentcm/,https://www.facebook.com/groups/homerentcm/posts/25314422404861539/
บ้านเช่าเชียงใหม่,https://www.facebook.com/groups/homerentcm/,https://www.facebook.com/groups/homerentcm/posts/25316617237975389/
บ้านเช่าเชียงใหม่,https://www.facebook.com/groups/homerentcm/,https://www.facebook.com/groups/homerentcm/posts/25324472960523150/
บ้านเช่าเชียงใหม่,https://www.facebook.com/groups/homerentcm/,https://www.facebook.com/groups/homerentcm/posts/25324044750565971/
บ้านเช่าเชียงใหม่,https://www.facebook.com/groups/homerentcm/,https://www.facebook.com/groups/homerentcm/posts/25323687787268334/
บ้านเช่าเชียงใหม่,https://www.facebook.com/groups/homerentcm/,https://www.facebook.com/groups/homerentcm/posts/25316351048002008/
บ้านเช่าเชียงใหม่,https://www.facebook.com/groups/homerentcm/,https://www.facebook.com/groups/homerentcm/posts/25323305543973225/
บ้านเช่าเชียงใหม่,https://www.facebook.com/groups/homerentcm/,https://www.facebook.com/groups/homerentcm/posts/25313144548322658/
บ้านเช่าเชียงใหม่,https://www.facebook.com/groups/homerentcm/,https://www.facebook.com/groups/homerentcm/posts/25316441294659650/
บ้านเช่าเชียงใหม่,https://www.facebook.com/groups/homerentcm/,https://www.facebook.com/groups/homerentcm/posts/25322748974028882/
ขายบ้านเชียงใหม่และบ้านเช่าเชียงใหม่ House for Sale,https://www.facebook.com/groups/509895225859790/,https://www.facebook.com/groups/509895225859790/posts/3111018215747465/
ขายบ้านเชียงใหม่และบ้านเช่าเชียงใหม่ House for Sale,https://www.facebook.com/groups/509895225859790/,https://www.facebook.com/groups/509895225859790/posts/3110051092510844/
ขายบ้านเชียงใหม่และบ้านเช่าเชียงใหม่ House for Sale,https://www.facebook.com/groups/509895225859790/,https://www.facebook.com/groups/509895225859790/posts/3111052902410663/
ขายบ้านเชียงใหม่และบ้านเช่าเชียงใหม่ House for Sale,https://www.facebook.com/groups/509895225859790/,https://www.facebook.com/groups/509895225859790/posts/3111056675743619/
ขายบ้านเชียงใหม่และบ้านเช่าเชียงใหม่ House for Sale,https://www.facebook.com/groups/509895225859790/,https://www.facebook.com/groups/509895225859790/posts/3110829735766313/
ขายบ้านเชียงใหม่และบ้านเช่าเชียงใหม่ House for Sale,https://www.facebook.com/groups/509895225859790/,https://www.facebook.com/groups/509895225859790/posts/3110092695840017/
ขายบ้านเชียงใหม่และบ้านเช่าเชียงใหม่ House for Sale,https://www.facebook.com/groups/509895225859790/,https://www.facebook.com/groups/509895225859790/posts/3110721865777100/
ขายบ้านเชียงใหม่และบ้านเช่าเชียงใหม่ House for Sale,https://www.facebook.com/groups/509895225859790/,https://www.facebook.com/groups/509895225859790/posts/3110182795831007/
ขายบ้านเชียงใหม่และบ้านเช่าเชียงใหม่ House for Sale,https://www.facebook.com/groups/509895225859790/,https://www.facebook.com/groups/509895225859790/posts/3110969249085695/
ขายบ้านเชียงใหม่และบ้านเช่าเชียงใหม่ House for Sale,https://www.facebook.com/groups/509895225859790/,https://www.facebook.com/groups/509895225859790/posts/3109858339196786/
คอนโดเชียงใหม่,https://www.facebook.com/groups/1299302030158649/,https://www.facebook.com/groups/1299302030158649/posts/25260631673599016/
คอนโดเชียงใหม่,https://www.facebook.com/groups/1299302030158649/,https://www.facebook.com/groups/1299302030158649/posts/25260583830270467/
คอนโดเชียงใหม่,https://www.facebook.com/groups/1299302030158649/,https://www.facebook.com/groups/1299302030158649/posts/25260563716939145/
คอนโดเชียงใหม่,https://www.facebook.com/groups/1299302030158649/,https://www.facebook.com/groups/1299302030158649/posts/25260530643609119/
คอนโดเชียงใหม่,https://www.facebook.com/groups/1299302030158649/,https://www.facebook.com/groups/1299302030158649/posts/25260526673609516/
คอนโดเชียงใหม่,https://www.facebook.com/groups/1299302030158649/,https://www.facebook.com/groups/1299302030158649/posts/25260524173609766/
คอนโดเชียงใหม่,https://www.facebook.com/groups/1299302030158649/,https://www.facebook.com/groups/1299302030158649/posts/25239318472397003/
คอนโดเชียงใหม่,https://www.facebook.com/groups/1299302030158649/,https://www.facebook.com/groups/1299302030158649/posts/25260519943610189/
คอนโดเชียงใหม่,https://www.facebook.com/groups/1299302030158649/,https://www.facebook.com/groups/1299302030158649/posts/25260482816947235/
คอนโดเชียงใหม่,https://www.facebook.com/groups/1299302030158649/,https://www.facebook.com/groups/1299302030158649/posts/25260455003616683/
ตลาดซื้อขาย/เช่า บ้าน คอนโด ที่ดิน เชียงใหม่,https://www.facebook.com/groups/530492663958652/,https://www.facebook.com/groups/530492663958652/posts/2805614266446469/
ตลาดซื้อขาย/เช่า บ้าน คอนโด ที่ดิน เชียงใหม่,https://www.facebook.com/groups/530492663958652/,https://www.facebook.com/groups/530492663958652/posts/2805633369777892/
ตลาดซื้อขาย/เช่า บ้าน คอนโด ที่ดิน เชียงใหม่,https://www.facebook.com/groups/530492663958652/,https://www.facebook.com/groups/530492663958652/posts/2806380556369840/
ตลาดซื้อขาย/เช่า บ้าน คอนโด ที่ดิน เชียงใหม่,https://www.facebook.com/groups/530492663958652/,https://www.facebook.com/groups/530492663958652/posts/2806353353039227/
ตลาดซื้อขาย/เช่า บ้าน คอนโด ที่ดิน เชียงใหม่,https://www.facebook.com/groups/530492663958652/,https://www.facebook.com/groups/530492663958652/posts/2806471179694111/
ตลาดซื้อขาย/เช่า บ้าน คอนโด ที่ดิน เชียงใหม่,https://www.facebook.com/groups/530492663958652/,https://www.facebook.com/groups/530492663958652/posts/2805714976436398/
ตลาดซื้อขาย/เช่า บ้าน คอนโด ที่ดิน เชียงใหม่,https://www.facebook.com/groups/530492663958652/,https://www.facebook.com/groups/530492663958652/posts/2806465263028036/
ตลาดซื้อขาย/เช่า บ้าน คอนโด ที่ดิน เชียงใหม่,https://www.facebook.com/groups/530492663958652/,https://www.facebook.com/groups/530492663958652/posts/2805053786502517/
ตลาดซื้อขาย/เช่า บ้าน คอนโด ที่ดิน เชียงใหม่,https://www.facebook.com/groups/530492663958652/,https://www.facebook.com/groups/530492663958652/posts/2805063129834916/
ตลาดซื้อขาย/เช่า บ้าน คอนโด ที่ดิน เชียงใหม่,https://www.facebook.com/groups/530492663958652/,https://www.facebook.com/groups/530492663958652/posts/2805064776501418/
CONDO & HOUSE SHORT term & LONG term RENT in Chiang mai,https://www.facebook.com/groups/596670275854317/,https://www.facebook.com/groups/596670275854317/posts/1217299020458103/
CONDO & HOUSE SHORT term & LONG term RENT in Chiang mai,https://www.facebook.com/groups/596670275854317/,https://www.facebook.com/groups/596670275854317/posts/1217947997059872/
CONDO & HOUSE SHORT term & LONG term RENT in Chiang mai,https://www.facebook.com/groups/596670275854317/,https://www.facebook.com/groups/596670275854317/posts/1218010600386945/
CONDO & HOUSE SHORT term & LONG term RENT in Chiang mai,https://www.facebook.com/groups/596670275854317/,https://www.facebook.com/groups/596670275854317/posts/1218009330387072/
CONDO & HOUSE SHORT term & LONG term RENT in Chiang mai,https://www.facebook.com/groups/596670275854317/,https://www.facebook.com/groups/596670275854317/posts/1218006150387390/
CONDO & HOUSE SHORT term & LONG term RENT in Chiang mai,https://www.facebook.com/groups/596670275854317/,https://www.facebook.com/groups/596670275854317/posts/1218002200387785/
CONDO & HOUSE SHORT term & LONG term RENT in Chiang mai,https://www.facebook.com/groups/596670275854317/,https://www.facebook.com/groups/596670275854317/posts/1217999557054716/
CONDO & HOUSE SHORT term & LONG term RENT in Chiang mai,https://www.facebook.com/groups/596670275854317/,https://www.facebook.com/groups/596670275854317/posts/1217998807054791/
CONDO & HOUSE SHORT term & LONG term RENT in Chiang mai,https://www.facebook.com/groups/596670275854317/,https://www.facebook.com/groups/596670275854317/posts/1217983140389691/
CONDO & HOUSE SHORT term & LONG term RENT in Chiang mai,https://www.facebook.com/groups/596670275854317/,https://www.facebook.com/groups/596670275854317/posts/1217969790391026/
Chiang Mai Real Estate,https://www.facebook.com/groups/cnxre/,https://www.facebook.com/groups/cnxre/posts/25316293361338813/
Chiang Mai Real Estate,https://www.facebook.com/groups/cnxre/,https://www.facebook.com/groups/cnxre/posts/25328704286764387/
Chiang Mai Real Estate,https://www.facebook.com/groups/cnxre/,https://www.facebook.com/groups/cnxre/posts/25326755030292646/
Chiang Mai Real Estate,https://www.facebook.com/groups/cnxre/,https://www.facebook.com/groups/cnxre/posts/25312127048422111/
Chiang Mai Real Estate,https://www.facebook.com/groups/cnxre/,https://www.facebook.com/groups/cnxre/posts/25320882954213187/
Chiang Mai Real Estate,https://www.facebook.com/groups/cnxre/,https://www.facebook.com/groups/cnxre/posts/25308048982163251/
Chiang Mai Real Estate,https://www.facebook.com/groups/cnxre/,https://www.facebook.com/groups/cnxre/posts/25312417105059772/
Chiang Mai Real Estate,https://www.facebook.com/groups/cnxre/,https://www.facebook.com/groups/cnxre/posts/25308308828803933/
Chiang Mai Real Estate,https://www.facebook.com/groups/cnxre/,https://www.facebook.com/groups/cnxre/posts/25319196844381798/
Chiang Mai Real Estate,https://www.facebook.com/groups/cnxre/,https://www.facebook.com/groups/cnxre/posts/25319521171016032/
เซ้งร้าน เซ้งล็อค เซ้งของ เช่าร้าน ทำเลขายของเชียงใหม่ (ห้ามแชร์ไลฟ์สด),https://www.facebook.com/groups/1885263611797363/,https://www.facebook.com/groups/1885263611797363/posts/4283680011955699/
เซ้งร้าน เซ้งล็อค เซ้งของ เช่าร้าน ทำเลขายของเชียงใหม่ (ห้ามแชร์ไลฟ์สด),https://www.facebook.com/groups/1885263611797363/,https://www.facebook.com/groups/1885263611797363/posts/4283676108622756/
เซ้งร้าน เซ้งล็อค เซ้งของ เช่าร้าน ทำเลขายของเชียงใหม่ (ห้ามแชร์ไลฟ์สด),https://www.facebook.com/groups/1885263611797363/,https://www.facebook.com/groups/1885263611797363/posts/4283545915302442/
เซ้งร้าน เซ้งล็อค เซ้งของ เช่าร้าน ทำเลขายของเชียงใหม่ (ห้ามแชร์ไลฟ์สด),https://www.facebook.com/groups/1885263611797363/,https://www.facebook.com/groups/1885263611797363/posts/4283407345316299/
เซ้งร้าน เซ้งล็อค เซ้งของ เช่าร้าน ทำเลขายของเชียงใหม่ (ห้ามแชร์ไลฟ์สด),https://www.facebook.com/groups/1885263611797363/,https://www.facebook.com/groups/1885263611797363/posts/4283655458624821/
เซ้งร้าน เซ้งล็อค เซ้งของ เช่าร้าน ทำเลขายของเชียงใหม่ (ห้ามแชร์ไลฟ์สด),https://www.facebook.com/groups/1885263611797363/,https://www.facebook.com/groups/1885263611797363/posts/4283652518625115/
เซ้งร้าน เซ้งล็อค เซ้งของ เช่าร้าน ทำเลขายของเชียงใหม่ (ห้ามแชร์ไลฟ์สด),https://www.facebook.com/groups/1885263611797363/,https://www.facebook.com/groups/1885263611797363/posts/4283652115291822/
เซ้งร้าน เซ้งล็อค เซ้งของ เช่าร้าน ทำเลขายของเชียงใหม่ (ห้ามแชร์ไลฟ์สด),https://www.facebook.com/groups/1885263611797363/,https://www.facebook.com/groups/1885263611797363/posts/4283643461959354/
บ้านให้เช่าในเชียงใหม่,https://www.facebook.com/groups/1897854047114064/,https://www.facebook.com/groups/1897854047114064/posts/4382604835305627/
บ้านให้เช่าในเชียงใหม่,https://www.facebook.com/groups/1897854047114064/,https://www.facebook.com/groups/1897854047114064/posts/4383543301878447/
บ้านให้เช่าในเชียงใหม่,https://www.facebook.com/groups/1897854047114064/,https://www.facebook.com/groups/1897854047114064/posts/4382680248631419/
บ้านให้เช่าในเชียงใหม่,https://www.facebook.com/groups/1897854047114064/,https://www.facebook.com/groups/1897854047114064/posts/4383737051859072/
บ้านให้เช่าในเชียงใหม่,https://www.facebook.com/groups/1897854047114064/,https://www.facebook.com/groups/1897854047114064/posts/4382713981961379/
บ้านให้เช่าในเชียงใหม่,https://www.facebook.com/groups/1897854047114064/,https://www.facebook.com/groups/1897854047114064/posts/4382835331949244/
บ้านให้เช่าในเชียงใหม่,https://www.facebook.com/groups/1897854047114064/,https://www.facebook.com/groups/1897854047114064/posts/4383731208526323/
บ้านให้เช่าในเชียงใหม่,https://www.facebook.com/groups/1897854047114064/,https://www.facebook.com/groups/1897854047114064/posts/4382606068638837/
บ้านให้เช่าในเชียงใหม่,https://www.facebook.com/groups/1897854047114064/,https://www.facebook.com/groups/1897854047114064/posts/4383479028551541/
บ้านให้เช่าในเชียงใหม่,https://www.facebook.com/groups/1897854047114064/,https://www.facebook.com/groups/1897854047114064/posts/4383575975208513/
เชียงใหม่ บ้านเช่า ห้องเช่า คอนโด หอพัก Houses for Rent in Chiang Mai,https://www.facebook.com/groups/303531690102574/,https://www.facebook.com/groups/303531690102574/posts/2449210412201347/
เชียงใหม่ บ้านเช่า ห้องเช่า คอนโด หอพัก Houses for Rent in Chiang Mai,https://www.facebook.com/groups/303531690102574/,https://www.facebook.com/groups/303531690102574/posts/2449206255535096/
เชียงใหม่ บ้านเช่า ห้องเช่า คอนโด หอพัก Houses for Rent in Chiang Mai,https://www.facebook.com/groups/303531690102574/,https://www.facebook.com/groups/303531690102574/posts/2449205452201843/
เชียงใหม่ บ้านเช่า ห้องเช่า คอนโด หอพัก Houses for Rent in Chiang Mai,https://www.facebook.com/groups/303531690102574/,https://www.facebook.com/groups/303531690102574/posts/2449204458868609/
เชียงใหม่ บ้านเช่า ห้องเช่า คอนโด หอพัก Houses for Rent in Chiang Mai,https://www.facebook.com/groups/303531690102574/,https://www.facebook.com/groups/303531690102574/posts/2449202975535424/
เชียงใหม่ บ้านเช่า ห้องเช่า คอนโด หอพัก Houses for Rent in Chiang Mai,https://www.facebook.com/groups/303531690102574/,https://www.facebook.com/groups/303531690102574/posts/2449202948868760/
เชียงใหม่ บ้านเช่า ห้องเช่า คอนโด หอพัก Houses for Rent in Chiang Mai,https://www.facebook.com/groups/303531690102574/,https://www.facebook.com/groups/303531690102574/posts/2449201955535526/
เชียงใหม่ บ้านเช่า ห้องเช่า คอนโด หอพัก Houses for Rent in Chiang Mai,https://www.facebook.com/groups/303531690102574/,https://www.facebook.com/groups/303531690102574/posts/2449201725535549/
เชียงใหม่ บ้านเช่า ห้องเช่า คอนโด หอพัก Houses for Rent in Chiang Mai,https://www.facebook.com/groups/303531690102574/,https://www.facebook.com/groups/303531690102574/posts/2449199265535795/
เชียงใหม่ บ้านเช่า ห้องเช่า คอนโด หอพัก Houses for Rent in Chiang Mai,https://www.facebook.com/groups/303531690102574/,https://www.facebook.com/groups/303531690102574/posts/2449197578869297/
หอพัก บ้านเช่า คอนโดเช่า เชียงใหม่​ Chiang mai Room/House for Rent,https://www.facebook.com/groups/568026117396809/,https://www.facebook.com/groups/568026117396809/posts/1925245641674843/
หอพัก บ้านเช่า คอนโดเช่า เชียงใหม่​ Chiang mai Room/House for Rent,https://www.facebook.com/groups/568026117396809/,https://www.facebook.com/groups/568026117396809/posts/1925240245008716/
หอพัก บ้านเช่า คอนโดเช่า เชียงใหม่​ Chiang mai Room/House for Rent,https://www.facebook.com/groups/568026117396809/,https://www.facebook.com/groups/568026117396809/posts/1925239255008815/
หอพัก บ้านเช่า คอนโดเช่า เชียงใหม่​ Chiang mai Room/House for Rent,https://www.facebook.com/groups/568026117396809/,https://www.facebook.com/groups/568026117396809/posts/1925238578342216/
หอพัก บ้านเช่า คอนโดเช่า เชียงใหม่​ Chiang mai Room/House for Rent,https://www.facebook.com/groups/568026117396809/,https://www.facebook.com/groups/568026117396809/posts/1925236875009053/
หอพัก บ้านเช่า คอนโดเช่า เชียงใหม่​ Chiang mai Room/House for Rent,https://www.facebook.com/groups/568026117396809/,https://www.facebook.com/groups/568026117396809/posts/1925221855010555/
หอพัก บ้านเช่า คอนโดเช่า เชียงใหม่​ Chiang mai Room/House for Rent,https://www.facebook.com/groups/568026117396809/,https://www.facebook.com/groups/568026117396809/posts/1925221668343907/
หอพัก บ้านเช่า คอนโดเช่า เชียงใหม่​ Chiang mai Room/House for Rent,https://www.facebook.com/groups/568026117396809/,https://www.facebook.com/groups/568026117396809/posts/1925216488344425/
หอพัก บ้านเช่า คอนโดเช่า เชียงใหม่​ Chiang mai Room/House for Rent,https://www.facebook.com/groups/568026117396809/,https://www.facebook.com/groups/568026117396809/posts/1925209201678487/
หอพัก บ้านเช่า คอนโดเช่า เชียงใหม่​ Chiang mai Room/House for Rent,https://www.facebook.com/groups/568026117396809/,https://www.facebook.com/groups/568026117396809/posts/1925204941678913/
清迈租房，房屋出租，求租，求买，出售- properties forsale and rent in Chiang Mai,https://www.facebook.com/groups/1928645537294336/,https://www.facebook.com/groups/1928645537294336/posts/3283636218461921/
清迈租房，房屋出租，求租，求买，出售- properties forsale and rent in Chiang Mai,https://www.facebook.com/groups/1928645537294336/,https://www.facebook.com/groups/1928645537294336/posts/3284669981691878/
清迈租房，房屋出租，求租，求买，出售- properties forsale and rent in Chiang Mai,https://www.facebook.com/groups/1928645537294336/,https://www.facebook.com/groups/1928645537294336/posts/3282663998559143/
清迈租房，房屋出租，求租，求买，出售- properties forsale and rent in Chiang Mai,https://www.facebook.com/groups/1928645537294336/,https://www.facebook.com/groups/1928645537294336/posts/3284424788383064/
清迈租房，房屋出租，求租，求买，出售- properties forsale and rent in Chiang Mai,https://www.facebook.com/groups/1928645537294336/,https://www.facebook.com/groups/1928645537294336/posts/3284466695045540/
清迈租房，房屋出租，求租，求买，出售- properties forsale and rent in Chiang Mai,https://www.facebook.com/groups/1928645537294336/,https://www.facebook.com/groups/1928645537294336/posts/3282536265238583/
清迈租房，房屋出租，求租，求买，出售- properties forsale and rent in Chiang Mai,https://www.facebook.com/groups/1928645537294336/,https://www.facebook.com/groups/1928645537294336/posts/3283421445150065/
清迈租房，房屋出租，求租，求买，出售- properties forsale and rent in Chiang Mai,https://www.facebook.com/groups/1928645537294336/,https://www.facebook.com/groups/1928645537294336/posts/3284296685062541/
清迈租房，房屋出租，求租，求买，出售- properties forsale and rent in Chiang Mai,https://www.facebook.com/groups/1928645537294336/,https://www.facebook.com/groups/1928645537294336/posts/3283292228496320/
清迈租房，房屋出租，求租，求买，出售- properties forsale and rent in Chiang Mai,https://www.facebook.com/groups/1928645537294336/,https://www.facebook.com/groups/1928645537294336/posts/3283676681791208/
ขายบ้าน เช่าบ้าน ที่ดิน จังหวัดเชียงใหม่,https://www.facebook.com/groups/298821664628156/,https://www.facebook.com/groups/298821664628156/posts/1668884020955240/
ขายบ้าน เช่าบ้าน ที่ดิน จังหวัดเชียงใหม่,https://www.facebook.com/groups/298821664628156/,https://www.facebook.com/groups/298821664628156/posts/1669184440925198/
ขายบ้าน เช่าบ้าน ที่ดิน จังหวัดเชียงใหม่,https://www.facebook.com/groups/298821664628156/,https://www.facebook.com/groups/298821664628156/posts/1669116794265296/
ขายบ้าน เช่าบ้าน ที่ดิน จังหวัดเชียงใหม่,https://www.facebook.com/groups/298821664628156/,https://www.facebook.com/groups/298821664628156/posts/1669112134265762/
ขายบ้าน เช่าบ้าน ที่ดิน จังหวัดเชียงใหม่,https://www.facebook.com/groups/298821664628156/,https://www.facebook.com/groups/298821664628156/posts/1669139994262976/
ขายบ้าน เช่าบ้าน ที่ดิน จังหวัดเชียงใหม่,https://www.facebook.com/groups/298821664628156/,https://www.facebook.com/groups/298821664628156/posts/1669143870929255/
ขายบ้าน เช่าบ้าน ที่ดิน จังหวัดเชียงใหม่,https://www.facebook.com/groups/298821664628156/,https://www.facebook.com/groups/298821664628156/posts/1668485747661734/
ขายบ้าน เช่าบ้าน ที่ดิน จังหวัดเชียงใหม่,https://www.facebook.com/groups/298821664628156/,https://www.facebook.com/groups/298821664628156/posts/1669059257604383/
ขายบ้าน เช่าบ้าน ที่ดิน จังหวัดเชียงใหม่,https://www.facebook.com/groups/298821664628156/,https://www.facebook.com/groups/298821664628156/posts/1668979504279025/
ขายบ้าน เช่าบ้าน ที่ดิน จังหวัดเชียงใหม่,https://www.facebook.com/groups/298821664628156/,https://www.facebook.com/groups/298821664628156/posts/1668220564354919/
บ้าน คอนโด ที่ดิน ขายให้เช่า เชียงใหม่ Property For Rent or Sale,https://www.facebook.com/groups/1873094122912006/,https://www.facebook.com/groups/1873094122912006/posts/4190856701135725/
บ้าน คอนโด ที่ดิน ขายให้เช่า เชียงใหม่ Property For Rent or Sale,https://www.facebook.com/groups/1873094122912006/,https://www.facebook.com/groups/1873094122912006/posts/4191550657732996/
บ้าน คอนโด ที่ดิน ขายให้เช่า เชียงใหม่ Property For Rent or Sale,https://www.facebook.com/groups/1873094122912006/,https://www.facebook.com/groups/1873094122912006/posts/4191636241057771/
บ้าน คอนโด ที่ดิน ขายให้เช่า เชียงใหม่ Property For Rent or Sale,https://www.facebook.com/groups/1873094122912006/,https://www.facebook.com/groups/1873094122912006/posts/4191804227707639/
บ้าน คอนโด ที่ดิน ขายให้เช่า เชียงใหม่ Property For Rent or Sale,https://www.facebook.com/groups/1873094122912006/,https://www.facebook.com/groups/1873094122912006/posts/4191569174397811/
บ้าน คอนโด ที่ดิน ขายให้เช่า เชียงใหม่ Property For Rent or Sale,https://www.facebook.com/groups/1873094122912006/,https://www.facebook.com/groups/1873094122912006/posts/4191463934408335/
บ้าน คอนโด ที่ดิน ขายให้เช่า เชียงใหม่ Property For Rent or Sale,https://www.facebook.com/groups/1873094122912006/,https://www.facebook.com/groups/1873094122912006/posts/4190753511146044/
บ้าน คอนโด ที่ดิน ขายให้เช่า เชียงใหม่ Property For Rent or Sale,https://www.facebook.com/groups/1873094122912006/,https://www.facebook.com/groups/1873094122912006/posts/4190855027802559/
บ้าน คอนโด ที่ดิน ขายให้เช่า เชียงใหม่ Property For Rent or Sale,https://www.facebook.com/groups/1873094122912006/,https://www.facebook.com/groups/1873094122912006/posts/4190824424472286/
บ้าน คอนโด ที่ดิน ขายให้เช่า เชียงใหม่ Property For Rent or Sale,https://www.facebook.com/groups/1873094122912006/,https://www.facebook.com/groups/1873094122912006/posts/4190757781145617/
บ้านเช่า คอนโด เชียงใหม่ (House and Condo for rent Chiang Mai),https://www.facebook.com/groups/2083392538672247/,https://www.facebook.com/groups/2083392538672247/posts/2642049859473176/
บ้านเช่า คอนโด เชียงใหม่ (House and Condo for rent Chiang Mai),https://www.facebook.com/groups/2083392538672247/,https://www.facebook.com/groups/2083392538672247/posts/2641857509492411/
บ้านเช่า คอนโด เชียงใหม่ (House and Condo for rent Chiang Mai),https://www.facebook.com/groups/2083392538672247/,https://www.facebook.com/groups/2083392538672247/posts/2643018619376300/
บ้านเช่า คอนโด เชียงใหม่ (House and Condo for rent Chiang Mai),https://www.facebook.com/groups/2083392538672247/,https://www.facebook.com/groups/2083392538672247/posts/2642833916061437/
บ้านเช่า คอนโด เชียงใหม่ (House and Condo for rent Chiang Mai),https://www.facebook.com/groups/2083392538672247/,https://www.facebook.com/groups/2083392538672247/posts/2641859216158907/
บ้านเช่า คอนโด เชียงใหม่ (House and Condo for rent Chiang Mai),https://www.facebook.com/groups/2083392538672247/,https://www.facebook.com/groups/2083392538672247/posts/2641696009508561/
บ้านเช่า คอนโด เชียงใหม่ (House and Condo for rent Chiang Mai),https://www.facebook.com/groups/2083392538672247/,https://www.facebook.com/groups/2083392538672247/posts/2641694162842079/
บ้านเช่า คอนโด เชียงใหม่ (House and Condo for rent Chiang Mai),https://www.facebook.com/groups/2083392538672247/,https://www.facebook.com/groups/2083392538672247/posts/2642791742732321/
บ้านเช่า คอนโด เชียงใหม่ (House and Condo for rent Chiang Mai),https://www.facebook.com/groups/2083392538672247/,https://www.facebook.com/groups/2083392538672247/posts/2641693562842139/
บ้านเช่า คอนโด เชียงใหม่ (House and Condo for rent Chiang Mai),https://www.facebook.com/groups/2083392538672247/,https://www.facebook.com/groups/2083392538672247/posts/2642136159464546/
ขายบ้านและที่ดินเชียงใหม่,https://www.facebook.com/groups/864193946960728/,https://www.facebook.com/groups/864193946960728/posts/25275142248772558/
ขายบ้านและที่ดินเชียงใหม่,https://www.facebook.com/groups/864193946960728/,https://www.facebook.com/groups/864193946960728/posts/25276315318655251/
ขายบ้านและที่ดินเชียงใหม่,https://www.facebook.com/groups/864193946960728/,https://www.facebook.com/groups/864193946960728/posts/25276323801987736/
ขายบ้านและที่ดินเชียงใหม่,https://www.facebook.com/groups/864193946960728/,https://www.facebook.com/groups/864193946960728/posts/25283925787894204/
ขายบ้านและที่ดินเชียงใหม่,https://www.facebook.com/groups/864193946960728/,https://www.facebook.com/groups/864193946960728/posts/25282504361369680/
ขายบ้านและที่ดินเชียงใหม่,https://www.facebook.com/groups/864193946960728/,https://www.facebook.com/groups/864193946960728/posts/25282305158056267/
ขายบ้านและที่ดินเชียงใหม่,https://www.facebook.com/groups/864193946960728/,https://www.facebook.com/groups/864193946960728/posts/25276046922015424/
ขายบ้านและที่ดินเชียงใหม่,https://www.facebook.com/groups/864193946960728/,https://www.facebook.com/groups/864193946960728/posts/25282414948045288/
ขายบ้านและที่ดินเชียงใหม่,https://www.facebook.com/groups/864193946960728/,https://www.facebook.com/groups/864193946960728/posts/25284024224551027/
ขายบ้านและที่ดินเชียงใหม่,https://www.facebook.com/groups/864193946960728/,https://www.facebook.com/groups/864193946960728/posts/25274363108850472/
ขายบ้าน เช่าบ้าน ขายที่ดิน ขายคอนโด เชียงใหม่,https://www.facebook.com/groups/baanchiangmai/,https://www.facebook.com/groups/baanchiangmai/posts/2578047579233777/
ขายบ้าน เช่าบ้าน ขายที่ดิน ขายคอนโด เชียงใหม่,https://www.facebook.com/groups/baanchiangmai/,https://www.facebook.com/groups/baanchiangmai/posts/2578048555900346/
ขายบ้าน เช่าบ้าน ขายที่ดิน ขายคอนโด เชียงใหม่,https://www.facebook.com/groups/baanchiangmai/,https://www.facebook.com/groups/baanchiangmai/posts/2577928639245671/
ขายบ้าน เช่าบ้าน ขายที่ดิน ขายคอนโด เชียงใหม่,https://www.facebook.com/groups/baanchiangmai/,https://www.facebook.com/groups/baanchiangmai/posts/2578724449166090/
ขายบ้าน เช่าบ้าน ขายที่ดิน ขายคอนโด เชียงใหม่,https://www.facebook.com/groups/baanchiangmai/,https://www.facebook.com/groups/baanchiangmai/posts/2578423829196152/
ขายบ้าน เช่าบ้าน ขายที่ดิน ขายคอนโด เชียงใหม่,https://www.facebook.com/groups/baanchiangmai/,https://www.facebook.com/groups/baanchiangmai/posts/2578360185869183/
ขายบ้าน เช่าบ้าน ขายที่ดิน ขายคอนโด เชียงใหม่,https://www.facebook.com/groups/baanchiangmai/,https://www.facebook.com/groups/baanchiangmai/posts/2577756009262934/
ขายบ้าน เช่าบ้าน ขายที่ดิน ขายคอนโด เชียงใหม่,https://www.facebook.com/groups/baanchiangmai/,https://www.facebook.com/groups/baanchiangmai/posts/2578950892476779/
ขายบ้าน เช่าบ้าน ขายที่ดิน ขายคอนโด เชียงใหม่,https://www.facebook.com/groups/baanchiangmai/,https://www.facebook.com/groups/baanchiangmai/posts/2579913235713878/
ขายบ้าน เช่าบ้าน ขายที่ดิน ขายคอนโด เชียงใหม่,https://www.facebook.com/groups/baanchiangmai/,https://www.facebook.com/groups/baanchiangmai/posts/2579305292441339/
บ้านดี เชียงใหม่,https://www.facebook.com/groups/411301775702951/,https://www.facebook.com/groups/411301775702951/posts/3366419756857790/
บ้านดี เชียงใหม่,https://www.facebook.com/groups/411301775702951/,https://www.facebook.com/groups/411301775702951/posts/3366421403524292/
บ้านดี เชียงใหม่,https://www.facebook.com/groups/411301775702951/,https://www.facebook.com/groups/411301775702951/posts/3366422320190867/
บ้านดี เชียงใหม่,https://www.facebook.com/groups/411301775702951/,https://www.facebook.com/groups/411301775702951/posts/3366422766857489/
บ้านดี เชียงใหม่,https://www.facebook.com/groups/411301775702951/,https://www.facebook.com/groups/411301775702951/posts/3366423243524108/
บ้านดี เชียงใหม่,https://www.facebook.com/groups/411301775702951/,https://www.facebook.com/groups/411301775702951/posts/3366426806857085/
บ้านดี เชียงใหม่,https://www.facebook.com/groups/411301775702951/,https://www.facebook.com/groups/411301775702951/posts/3366430220190077/
บ้านดี เชียงใหม่,https://www.facebook.com/groups/411301775702951/,https://www.facebook.com/groups/411301775702951/posts/3366432303523202/
บ้านดี เชียงใหม่,https://www.facebook.com/groups/411301775702951/,https://www.facebook.com/groups/411301775702951/posts/3366447600188339/
บ้านดี เชียงใหม่,https://www.facebook.com/groups/411301775702951/,https://www.facebook.com/groups/411301775702951/posts/3366447116855054/
กลุ่มซื้อขายเช่า บ้านที่ดิน ในจังหวัดเชียงใหม่,https://www.facebook.com/groups/169718747164928/,https://www.facebook.com/groups/169718747164928/posts/2133572490779534/
กลุ่มซื้อขายเช่า บ้านที่ดิน ในจังหวัดเชียงใหม่,https://www.facebook.com/groups/169718747164928/,https://www.facebook.com/groups/169718747164928/posts/2132024754267641/
กลุ่มซื้อขายเช่า บ้านที่ดิน ในจังหวัดเชียงใหม่,https://www.facebook.com/groups/169718747164928/,https://www.facebook.com/groups/169718747164928/posts/2132489284221188/
กลุ่มซื้อขายเช่า บ้านที่ดิน ในจังหวัดเชียงใหม่,https://www.facebook.com/groups/169718747164928/,https://www.facebook.com/groups/169718747164928/posts/2131571524312964/
กลุ่มซื้อขายเช่า บ้านที่ดิน ในจังหวัดเชียงใหม่,https://www.facebook.com/groups/169718747164928/,https://www.facebook.com/groups/169718747164928/posts/2133357330801050/
กลุ่มซื้อขายเช่า บ้านที่ดิน ในจังหวัดเชียงใหม่,https://www.facebook.com/groups/169718747164928/,https://www.facebook.com/groups/169718747164928/posts/2132894540847329/
กลุ่มซื้อขายเช่า บ้านที่ดิน ในจังหวัดเชียงใหม่,https://www.facebook.com/groups/169718747164928/,https://www.facebook.com/groups/169718747164928/posts/2132540827549367/
กลุ่มซื้อขายเช่า บ้านที่ดิน ในจังหวัดเชียงใหม่,https://www.facebook.com/groups/169718747164928/,https://www.facebook.com/groups/169718747164928/posts/2133622294107887/
กลุ่มซื้อขายเช่า บ้านที่ดิน ในจังหวัดเชียงใหม่,https://www.facebook.com/groups/169718747164928/,https://www.facebook.com/groups/169718747164928/posts/2132840060852777/
กลุ่มซื้อขายเช่า บ้านที่ดิน ในจังหวัดเชียงใหม่,https://www.facebook.com/groups/169718747164928/,https://www.facebook.com/groups/169718747164928/posts/2133643954105721/
ชื้อ ขาย เช่า บ้านละที่ดิน เชียงใหม่,https://www.facebook.com/groups/1475061816108017/,https://www.facebook.com/groups/1475061816108017/posts/4283076685306502/
ชื้อ ขาย เช่า บ้านละที่ดิน เชียงใหม่,https://www.facebook.com/groups/1475061816108017/,https://www.facebook.com/groups/1475061816108017/posts/4284107691870068/
ชื้อ ขาย เช่า บ้านละที่ดิน เชียงใหม่,https://www.facebook.com/groups/1475061816108017/,https://www.facebook.com/groups/1475061816108017/posts/4283911601889677/
ชื้อ ขาย เช่า บ้านละที่ดิน เชียงใหม่,https://www.facebook.com/groups/1475061816108017/,https://www.facebook.com/groups/1475061816108017/posts/4283748975239273/
ชื้อ ขาย เช่า บ้านละที่ดิน เชียงใหม่,https://www.facebook.com/groups/1475061816108017/,https://www.facebook.com/groups/1475061816108017/posts/4284121828535321/
ชื้อ ขาย เช่า บ้านละที่ดิน เชียงใหม่,https://www.facebook.com/groups/1475061816108017/,https://www.facebook.com/groups/1475061816108017/posts/4284127108534793/
ชื้อ ขาย เช่า บ้านละที่ดิน เชียงใหม่,https://www.facebook.com/groups/1475061816108017/,https://www.facebook.com/groups/1475061816108017/posts/4283081565306014/
ชื้อ ขาย เช่า บ้านละที่ดิน เชียงใหม่,https://www.facebook.com/groups/1475061816108017/,https://www.facebook.com/groups/1475061816108017/posts/4284031225211048/
ชื้อ ขาย เช่า บ้านละที่ดิน เชียงใหม่,https://www.facebook.com/groups/1475061816108017/,https://www.facebook.com/groups/1475061816108017/posts/4284108785203292/
ชื้อ ขาย เช่า บ้านละที่ดิน เชียงใหม่,https://www.facebook.com/groups/1475061816108017/,https://www.facebook.com/groups/1475061816108017/posts/4283152878632216/
ตลาดซื้อ ขาย เช่า บ้านและที่ดิน เชียงใหม่,https://www.facebook.com/groups/1582425938465943/,https://www.facebook.com/groups/1582425938465943/posts/32479694538312345/
ตลาดซื้อ ขาย เช่า บ้านและที่ดิน เชียงใหม่,https://www.facebook.com/groups/1582425938465943/,https://www.facebook.com/groups/1582425938465943/posts/32476323288649470/
ตลาดซื้อ ขาย เช่า บ้านและที่ดิน เชียงใหม่,https://www.facebook.com/groups/1582425938465943/,https://www.facebook.com/groups/1582425938465943/posts/32480033768278422/
ตลาดซื้อ ขาย เช่า บ้านและที่ดิน เชียงใหม่,https://www.facebook.com/groups/1582425938465943/,https://www.facebook.com/groups/1582425938465943/posts/32476736841941448/
ตลาดซื้อ ขาย เช่า บ้านและที่ดิน เชียงใหม่,https://www.facebook.com/groups/1582425938465943/,https://www.facebook.com/groups/1582425938465943/posts/32476629185285547/
ตลาดซื้อ ขาย เช่า บ้านและที่ดิน เชียงใหม่,https://www.facebook.com/groups/1582425938465943/,https://www.facebook.com/groups/1582425938465943/posts/32476653935283072/
ตลาดซื้อ ขาย เช่า บ้านและที่ดิน เชียงใหม่,https://www.facebook.com/groups/1582425938465943/,https://www.facebook.com/groups/1582425938465943/posts/32477081935240272/
ตลาดซื้อ ขาย เช่า บ้านและที่ดิน เชียงใหม่,https://www.facebook.com/groups/1582425938465943/,https://www.facebook.com/groups/1582425938465943/posts/32476747118607087/
ตลาดซื้อ ขาย เช่า บ้านและที่ดิน เชียงใหม่,https://www.facebook.com/groups/1582425938465943/,https://www.facebook.com/groups/1582425938465943/posts/32477145991900533/
ตลาดซื้อ ขาย เช่า บ้านและที่ดิน เชียงใหม่,https://www.facebook.com/groups/1582425938465943/,https://www.facebook.com/groups/1582425938465943/posts/32476701418611657/
ขาย เช่า พูลวิลล่า เชียงใหม่ ลงประกาศฟรี - Sale Rent Pool Villa Chiangmai,https://www.facebook.com/groups/sale.rent.poolvillachiangmai/,https://www.facebook.com/groups/sale.rent.poolvillachiangmai/posts/2406437096479941/
ขาย เช่า พูลวิลล่า เชียงใหม่ ลงประกาศฟรี - Sale Rent Pool Villa Chiangmai,https://www.facebook.com/groups/sale.rent.poolvillachiangmai/,https://www.facebook.com/groups/sale.rent.poolvillachiangmai/posts/2406422416481409/
ขาย เช่า พูลวิลล่า เชียงใหม่ ลงประกาศฟรี - Sale Rent Pool Villa Chiangmai,https://www.facebook.com/groups/sale.rent.poolvillachiangmai/,https://www.facebook.com/groups/sale.rent.poolvillachiangmai/posts/2406422313148086/
ขาย เช่า พูลวิลล่า เชียงใหม่ ลงประกาศฟรี - Sale Rent Pool Villa Chiangmai,https://www.facebook.com/groups/sale.rent.poolvillachiangmai/,https://www.facebook.com/groups/sale.rent.poolvillachiangmai/posts/2406420233148294/
ขาย เช่า พูลวิลล่า เชียงใหม่ ลงประกาศฟรี - Sale Rent Pool Villa Chiangmai,https://www.facebook.com/groups/sale.rent.poolvillachiangmai/,https://www.facebook.com/groups/sale.rent.poolvillachiangmai/posts/2406419263148391/
ขาย เช่า พูลวิลล่า เชียงใหม่ ลงประกาศฟรี - Sale Rent Pool Villa Chiangmai,https://www.facebook.com/groups/sale.rent.poolvillachiangmai/,https://www.facebook.com/groups/sale.rent.poolvillachiangmai/posts/2406416189815365/
ขาย เช่า พูลวิลล่า เชียงใหม่ ลงประกาศฟรี - Sale Rent Pool Villa Chiangmai,https://www.facebook.com/groups/sale.rent.poolvillachiangmai/,https://www.facebook.com/groups/sale.rent.poolvillachiangmai/posts/2406412389815745/
ขาย เช่า พูลวิลล่า เชียงใหม่ ลงประกาศฟรี - Sale Rent Pool Villa Chiangmai,https://www.facebook.com/groups/sale.rent.poolvillachiangmai/,https://www.facebook.com/groups/sale.rent.poolvillachiangmai/posts/2406403006483350/
ขาย เช่า พูลวิลล่า เชียงใหม่ ลงประกาศฟรี - Sale Rent Pool Villa Chiangmai,https://www.facebook.com/groups/sale.rent.poolvillachiangmai/,https://www.facebook.com/groups/sale.rent.poolvillachiangmai/posts/2405415723248745/
ขาย เช่า พูลวิลล่า เชียงใหม่ ลงประกาศฟรี - Sale Rent Pool Villa Chiangmai,https://www.facebook.com/groups/sale.rent.poolvillachiangmai/,https://www.facebook.com/groups/sale.rent.poolvillachiangmai/posts/2406384826485168/
หาหอ มช.,https://www.facebook.com/groups/251125079442673/,https://www.facebook.com/groups/251125079442673/posts/1522101879011647/
หาหอ มช.,https://www.facebook.com/groups/251125079442673/,https://www.facebook.com/groups/251125079442673/posts/1521081709113664/
หาหอ มช.,https://www.facebook.com/groups/251125079442673/,https://www.facebook.com/groups/251125079442673/posts/1522092075679294/
หาหอ มช.,https://www.facebook.com/groups/251125079442673/,https://www.facebook.com/groups/251125079442673/posts/1522079705680531/
หาหอ มช.,https://www.facebook.com/groups/251125079442673/,https://www.facebook.com/groups/251125079442673/posts/1522078885680613/
หาหอ มช.,https://www.facebook.com/groups/251125079442673/,https://www.facebook.com/groups/251125079442673/posts/1522070405681461/
หาหอ มช.,https://www.facebook.com/groups/251125079442673/,https://www.facebook.com/groups/251125079442673/posts/1522065369015298/
หาหอ มช.,https://www.facebook.com/groups/251125079442673/,https://www.facebook.com/groups/251125079442673/posts/1522065112348657/
หาหอ มช.,https://www.facebook.com/groups/251125079442673/,https://www.facebook.com/groups/251125079442673/posts/1522064052348763/
หาหอ มช.,https://www.facebook.com/groups/251125079442673/,https://www.facebook.com/groups/251125079442673/posts/1522050362350132/
บ้านเช่าเชียงใหม่,https://www.facebook.com/groups/1034329704984830/,https://www.facebook.com/groups/1034329704984830/posts/1398913148526482/
บ้านเช่าเชียงใหม่,https://www.facebook.com/groups/1034329704984830/,https://www.facebook.com/groups/1034329704984830/posts/1398885331862597/
บ้านเช่าเชียงใหม่,https://www.facebook.com/groups/1034329704984830/,https://www.facebook.com/groups/1034329704984830/posts/1395222308895566/
บ้านเช่าเชียงใหม่,https://www.facebook.com/groups/1034329704984830/,https://www.facebook.com/groups/1034329704984830/posts/1398766648541132/
บ้านเช่าเชียงใหม่,https://www.facebook.com/groups/1034329704984830/,https://www.facebook.com/groups/1034329704984830/posts/1398653261885804/
บ้านเช่าเชียงใหม่,https://www.facebook.com/groups/1034329704984830/,https://www.facebook.com/groups/1034329704984830/posts/1398855795198884/
บ้านเช่าเชียงใหม่,https://www.facebook.com/groups/1034329704984830/,https://www.facebook.com/groups/1034329704984830/posts/1398897188528078/
บ้านเช่าเชียงใหม่,https://www.facebook.com/groups/1034329704984830/,https://www.facebook.com/groups/1034329704984830/posts/1398896428528154/
บ้านเช่าเชียงใหม่,https://www.facebook.com/groups/1034329704984830/,https://www.facebook.com/groups/1034329704984830/posts/1398895585194905/
บ้านเช่าเชียงใหม่,https://www.facebook.com/groups/1034329704984830/,https://www.facebook.com/groups/1034329704984830/posts/1398893831861747/
"กลุ่ม ""ซื้อ ขาย เช่าบ้านและที่ดินเชียงใหม่""",https://www.facebook.com/groups/203683550205761/,https://www.facebook.com/groups/203683550205761/posts/2033332203907544/
"กลุ่ม ""ซื้อ ขาย เช่าบ้านและที่ดินเชียงใหม่""",https://www.facebook.com/groups/203683550205761/,https://www.facebook.com/groups/203683550205761/posts/2031355134105251/
"กลุ่ม ""ซื้อ ขาย เช่าบ้านและที่ดินเชียงใหม่""",https://www.facebook.com/groups/203683550205761/,https://www.facebook.com/groups/203683550205761/posts/2031588247415273/
"กลุ่ม ""ซื้อ ขาย เช่าบ้านและที่ดินเชียงใหม่""",https://www.facebook.com/groups/203683550205761/,https://www.facebook.com/groups/203683550205761/posts/2033262720581159/
"กลุ่ม ""ซื้อ ขาย เช่าบ้านและที่ดินเชียงใหม่""",https://www.facebook.com/groups/203683550205761/,https://www.facebook.com/groups/203683550205761/posts/2032255194015245/
"กลุ่ม ""ซื้อ ขาย เช่าบ้านและที่ดินเชียงใหม่""",https://www.facebook.com/groups/203683550205761/,https://www.facebook.com/groups/203683550205761/posts/2032193920688039/
"กลุ่ม ""ซื้อ ขาย เช่าบ้านและที่ดินเชียงใหม่""",https://www.facebook.com/groups/203683550205761/,https://www.facebook.com/groups/203683550205761/posts/2032581797315918/
"กลุ่ม ""ซื้อ ขาย เช่าบ้านและที่ดินเชียงใหม่""",https://www.facebook.com/groups/203683550205761/,https://www.facebook.com/groups/203683550205761/posts/2031596740747757/
"กลุ่ม ""ซื้อ ขาย เช่าบ้านและที่ดินเชียงใหม่""",https://www.facebook.com/groups/203683550205761/,https://www.facebook.com/groups/203683550205761/posts/2033255047248593/
"กลุ่ม ""ซื้อ ขาย เช่าบ้านและที่ดินเชียงใหม่""",https://www.facebook.com/groups/203683550205761/,https://www.facebook.com/groups/203683550205761/posts/2033204760586955/
ที่ดินและบ้านเชียงใหม่ ลำพูน ขายหรือให้เช่า,https://www.facebook.com/groups/1450131905304596/,https://www.facebook.com/groups/1450131905304596/posts/4228830757434683/
ที่ดินและบ้านเชียงใหม่ ลำพูน ขายหรือให้เช่า,https://www.facebook.com/groups/1450131905304596/,https://www.facebook.com/groups/1450131905304596/posts/4230728613911564/
ที่ดินและบ้านเชียงใหม่ ลำพูน ขายหรือให้เช่า,https://www.facebook.com/groups/1450131905304596/,https://www.facebook.com/groups/1450131905304596/posts/4229420024042423/
ที่ดินและบ้านเชียงใหม่ ลำพูน ขายหรือให้เช่า,https://www.facebook.com/groups/1450131905304596/,https://www.facebook.com/groups/1450131905304596/posts/4230497293934696/
ที่ดินและบ้านเชียงใหม่ ลำพูน ขายหรือให้เช่า,https://www.facebook.com/groups/1450131905304596/,https://www.facebook.com/groups/1450131905304596/posts/4230707813913644/
ที่ดินและบ้านเชียงใหม่ ลำพูน ขายหรือให้เช่า,https://www.facebook.com/groups/1450131905304596/,https://www.facebook.com/groups/1450131905304596/posts/4230526963931729/
ที่ดินและบ้านเชียงใหม่ ลำพูน ขายหรือให้เช่า,https://www.facebook.com/groups/1450131905304596/,https://www.facebook.com/groups/1450131905304596/posts/4228825477435211/
ที่ดินและบ้านเชียงใหม่ ลำพูน ขายหรือให้เช่า,https://www.facebook.com/groups/1450131905304596/,https://www.facebook.com/groups/1450131905304596/posts/4230502233934202/
ที่ดินและบ้านเชียงใหม่ ลำพูน ขายหรือให้เช่า,https://www.facebook.com/groups/1450131905304596/,https://www.facebook.com/groups/1450131905304596/posts/4229190957398663/
ที่ดินและบ้านเชียงใหม่ ลำพูน ขายหรือให้เช่า,https://www.facebook.com/groups/1450131905304596/,https://www.facebook.com/groups/1450131905304596/posts/4229523450698747/
ซื้อบ้านเชียงใหม่ ที่ดิน ขายบ้านเชียงใหม่ คอนโด,https://www.facebook.com/groups/959493160788393/,https://www.facebook.com/groups/959493160788393/posts/32369207922723507/
ซื้อบ้านเชียงใหม่ ที่ดิน ขายบ้านเชียงใหม่ คอนโด,https://www.facebook.com/groups/959493160788393/,https://www.facebook.com/groups/959493160788393/posts/32354222437555389/
ซื้อบ้านเชียงใหม่ ที่ดิน ขายบ้านเชียงใหม่ คอนโด,https://www.facebook.com/groups/959493160788393/,https://www.facebook.com/groups/959493160788393/posts/32332104126433887/
ซื้อบ้านเชียงใหม่ ที่ดิน ขายบ้านเชียงใหม่ คอนโด,https://www.facebook.com/groups/959493160788393/,https://www.facebook.com/groups/959493160788393/posts/32374945965483036/
ซื้อบ้านเชียงใหม่ ที่ดิน ขายบ้านเชียงใหม่ คอนโด,https://www.facebook.com/groups/959493160788393/,https://www.facebook.com/groups/959493160788393/posts/32402766709367628/
ซื้อบ้านเชียงใหม่ ที่ดิน ขายบ้านเชียงใหม่ คอนโด,https://www.facebook.com/groups/959493160788393/,https://www.facebook.com/groups/959493160788393/posts/32403089439335355/
ซื้อบ้านเชียงใหม่ ที่ดิน ขายบ้านเชียงใหม่ คอนโด,https://www.facebook.com/groups/959493160788393/,https://www.facebook.com/groups/959493160788393/posts/32403228299321469/
ซื้อบ้านเชียงใหม่ ที่ดิน ขายบ้านเชียงใหม่ คอนโด,https://www.facebook.com/groups/959493160788393/,https://www.facebook.com/groups/959493160788393/posts/32369228269388139/
ซื้อบ้านเชียงใหม่ ที่ดิน ขายบ้านเชียงใหม่ คอนโด,https://www.facebook.com/groups/959493160788393/,https://www.facebook.com/groups/959493160788393/posts/32405470179097281/
ซื้อบ้านเชียงใหม่ ที่ดิน ขายบ้านเชียงใหม่ คอนโด,https://www.facebook.com/groups/959493160788393/,https://www.facebook.com/groups/959493160788393/posts/32354901324154167/
ซื้อขาย บ้าน ที่ดิน เชียงใหม่ ภาคเหนือ,https://www.facebook.com/groups/2897034136980512/,https://www.facebook.com/groups/2897034136980512/posts/26363554489901813/
ซื้อขาย บ้าน ที่ดิน เชียงใหม่ ภาคเหนือ,https://www.facebook.com/groups/2897034136980512/,https://www.facebook.com/groups/2897034136980512/posts/26370631729194089/
ซื้อขาย บ้าน ที่ดิน เชียงใหม่ ภาคเหนือ,https://www.facebook.com/groups/2897034136980512/,https://www.facebook.com/groups/2897034136980512/posts/26370827532507842/
ซื้อขาย บ้าน ที่ดิน เชียงใหม่ ภาคเหนือ,https://www.facebook.com/groups/2897034136980512/,https://www.facebook.com/groups/2897034136980512/posts/26370806435843285/
ซื้อขาย บ้าน ที่ดิน เชียงใหม่ ภาคเหนือ,https://www.facebook.com/groups/2897034136980512/,https://www.facebook.com/groups/2897034136980512/posts/26370869722503623/
ซื้อขาย บ้าน ที่ดิน เชียงใหม่ ภาคเหนือ,https://www.facebook.com/groups/2897034136980512/,https://www.facebook.com/groups/2897034136980512/posts/26371056162484979/
ซื้อขาย บ้าน ที่ดิน เชียงใหม่ ภาคเหนือ,https://www.facebook.com/groups/2897034136980512/,https://www.facebook.com/groups/2897034136980512/posts/26371094782481117/
ซื้อขาย บ้าน ที่ดิน เชียงใหม่ ภาคเหนือ,https://www.facebook.com/groups/2897034136980512/,https://www.facebook.com/groups/2897034136980512/posts/26372720898985172/
ซื้อขาย บ้าน ที่ดิน เชียงใหม่ ภาคเหนือ,https://www.facebook.com/groups/2897034136980512/,https://www.facebook.com/groups/2897034136980512/posts/26372557615668167/
ซื้อขาย บ้าน ที่ดิน เชียงใหม่ ภาคเหนือ,https://www.facebook.com/groups/2897034136980512/,https://www.facebook.com/groups/2897034136980512/posts/26363591499898112/
ตลาดบ้านและที่ดินภาคเหนือ999,https://www.facebook.com/groups/1456428424593312/,https://www.facebook.com/groups/1456428424593312/posts/4398676030368522/
ตลาดบ้านและที่ดินภาคเหนือ999,https://www.facebook.com/groups/1456428424593312/,https://www.facebook.com/groups/1456428424593312/posts/4399530386949753/
ตลาดบ้านและที่ดินภาคเหนือ999,https://www.facebook.com/groups/1456428424593312/,https://www.facebook.com/groups/1456428424593312/posts/4399562170279908/
ตลาดบ้านและที่ดินภาคเหนือ999,https://www.facebook.com/groups/1456428424593312/,https://www.facebook.com/groups/1456428424593312/posts/4399590463610412/
ตลาดบ้านและที่ดินภาคเหนือ999,https://www.facebook.com/groups/1456428424593312/,https://www.facebook.com/groups/1456428424593312/posts/4399556733613785/
ตลาดบ้านและที่ดินภาคเหนือ999,https://www.facebook.com/groups/1456428424593312/,https://www.facebook.com/groups/1456428424593312/posts/4399553483614110/
ตลาดบ้านและที่ดินภาคเหนือ999,https://www.facebook.com/groups/1456428424593312/,https://www.facebook.com/groups/1456428424593312/posts/4399780180258107/
ตลาดบ้านและที่ดินภาคเหนือ999,https://www.facebook.com/groups/1456428424593312/,https://www.facebook.com/groups/1456428424593312/posts/4399548263614632/
ตลาดบ้านและที่ดินภาคเหนือ999,https://www.facebook.com/groups/1456428424593312/,https://www.facebook.com/groups/1456428424593312/posts/4399589710277154/
ตลาดบ้านและที่ดินภาคเหนือ999,https://www.facebook.com/groups/1456428424593312/,https://www.facebook.com/groups/1456428424593312/posts/4398683243701134/
ขายบ้านเชียงใหม่,https://www.facebook.com/groups/152080739566471/,https://www.facebook.com/groups/152080739566471/posts/1349146746526525/
ขายบ้านเชียงใหม่,https://www.facebook.com/groups/152080739566471/,https://www.facebook.com/groups/152080739566471/posts/1349145976526602/
ขายบ้านเชียงใหม่,https://www.facebook.com/groups/152080739566471/,https://www.facebook.com/groups/152080739566471/posts/1349143749860158/
ขายบ้านเชียงใหม่,https://www.facebook.com/groups/152080739566471/,https://www.facebook.com/groups/152080739566471/posts/1348979573209909/
ขายบ้านเชียงใหม่,https://www.facebook.com/groups/152080739566471/,https://www.facebook.com/groups/152080739566471/posts/1349141289860404/
ขายบ้านเชียงใหม่,https://www.facebook.com/groups/152080739566471/,https://www.facebook.com/groups/152080739566471/posts/1349140319860501/
ขายบ้านเชียงใหม่,https://www.facebook.com/groups/152080739566471/,https://www.facebook.com/groups/152080739566471/posts/1349139179860615/
ขายบ้านเชียงใหม่,https://www.facebook.com/groups/152080739566471/,https://www.facebook.com/groups/152080739566471/posts/1349136043194262/
ขายบ้านเชียงใหม่,https://www.facebook.com/groups/152080739566471/,https://www.facebook.com/groups/152080739566471/posts/1349135399860993/
ขายบ้านเชียงใหม่,https://www.facebook.com/groups/152080739566471/,https://www.facebook.com/groups/152080739566471/posts/1347276160046917/
ตลาดบ้านและที่ดินเชียงใหม่ (C.M Market Land & House),https://www.facebook.com/groups/Land.House.C.M.2014/,https://www.facebook.com/groups/Land.House.C.M.2014/posts/25376527635315614/
ตลาดบ้านและที่ดินเชียงใหม่ (C.M Market Land & House),https://www.facebook.com/groups/Land.House.C.M.2014/,https://www.facebook.com/groups/Land.House.C.M.2014/posts/25375078345460543/
ตลาดบ้านและที่ดินเชียงใหม่ (C.M Market Land & House),https://www.facebook.com/groups/Land.House.C.M.2014/,https://www.facebook.com/groups/Land.House.C.M.2014/posts/25367448432890201/
ตลาดบ้านและที่ดินเชียงใหม่ (C.M Market Land & House),https://www.facebook.com/groups/Land.House.C.M.2014/,https://www.facebook.com/groups/Land.House.C.M.2014/posts/25375213938780317/
ตลาดบ้านและที่ดินเชียงใหม่ (C.M Market Land & House),https://www.facebook.com/groups/Land.House.C.M.2014/,https://www.facebook.com/groups/Land.House.C.M.2014/posts/25375165692118475/
ตลาดบ้านและที่ดินเชียงใหม่ (C.M Market Land & House),https://www.facebook.com/groups/Land.House.C.M.2014/,https://www.facebook.com/groups/Land.House.C.M.2014/posts/25376564365311941/
ตลาดบ้านและที่ดินเชียงใหม่ (C.M Market Land & House),https://www.facebook.com/groups/Land.House.C.M.2014/,https://www.facebook.com/groups/Land.House.C.M.2014/posts/25374943742140670/
ตลาดบ้านและที่ดินเชียงใหม่ (C.M Market Land & House),https://www.facebook.com/groups/Land.House.C.M.2014/,https://www.facebook.com/groups/Land.House.C.M.2014/posts/25374976575470720/
ตลาดบ้านและที่ดินเชียงใหม่ (C.M Market Land & House),https://www.facebook.com/groups/Land.House.C.M.2014/,https://www.facebook.com/groups/Land.House.C.M.2014/posts/25366255943009450/
ตลาดบ้านและที่ดินเชียงใหม่ (C.M Market Land & House),https://www.facebook.com/groups/Land.House.C.M.2014/,https://www.facebook.com/groups/Land.House.C.M.2014/posts/25367950842839960/
บ้าน ที่ดิน ราคาถูก เชียงใหม่,https://www.facebook.com/groups/236116797208244/,https://www.facebook.com/groups/236116797208244/posts/2111086193044619/
บ้าน ที่ดิน ราคาถูก เชียงใหม่,https://www.facebook.com/groups/236116797208244/,https://www.facebook.com/groups/236116797208244/posts/2111005183052720/
บ้าน ที่ดิน ราคาถูก เชียงใหม่,https://www.facebook.com/groups/236116797208244/,https://www.facebook.com/groups/236116797208244/posts/2110926516393920/
บ้าน ที่ดิน ราคาถูก เชียงใหม่,https://www.facebook.com/groups/236116797208244/,https://www.facebook.com/groups/236116797208244/posts/2111057883047450/
บ้าน ที่ดิน ราคาถูก เชียงใหม่,https://www.facebook.com/groups/236116797208244/,https://www.facebook.com/groups/236116797208244/posts/2110279483125290/
บ้าน ที่ดิน ราคาถูก เชียงใหม่,https://www.facebook.com/groups/236116797208244/,https://www.facebook.com/groups/236116797208244/posts/2111059706380601/
บ้าน ที่ดิน ราคาถูก เชียงใหม่,https://www.facebook.com/groups/236116797208244/,https://www.facebook.com/groups/236116797208244/posts/2110904186396153/
บ้าน ที่ดิน ราคาถูก เชียงใหม่,https://www.facebook.com/groups/236116797208244/,https://www.facebook.com/groups/236116797208244/posts/2109912593161979/
บ้าน ที่ดิน ราคาถูก เชียงใหม่,https://www.facebook.com/groups/236116797208244/,https://www.facebook.com/groups/236116797208244/posts/2110217036464868/
บ้าน ที่ดิน ราคาถูก เชียงใหม่,https://www.facebook.com/groups/236116797208244/,https://www.facebook.com/groups/236116797208244/posts/2110979966388575/
ซื้อขายบ้านและที่ดินเชียงใหม่,https://www.facebook.com/groups/landhomechiangmai/,https://www.facebook.com/groups/landhomechiangmai/posts/4552183421675934/
ซื้อขายบ้านและที่ดินเชียงใหม่,https://www.facebook.com/groups/landhomechiangmai/,https://www.facebook.com/groups/landhomechiangmai/posts/4552099448350998/
ซื้อขายบ้านและที่ดินเชียงใหม่,https://www.facebook.com/groups/landhomechiangmai/,https://www.facebook.com/groups/landhomechiangmai/posts/4551081158452827/
ซื้อขายบ้านและที่ดินเชียงใหม่,https://www.facebook.com/groups/landhomechiangmai/,https://www.facebook.com/groups/landhomechiangmai/posts/4552079245019685/
ซื้อขายบ้านและที่ดินเชียงใหม่,https://www.facebook.com/groups/landhomechiangmai/,https://www.facebook.com/groups/landhomechiangmai/posts/4552197471674529/
ซื้อขายบ้านและที่ดินเชียงใหม่,https://www.facebook.com/groups/landhomechiangmai/,https://www.facebook.com/groups/landhomechiangmai/posts/4551149148446028/
ซื้อขายบ้านและที่ดินเชียงใหม่,https://www.facebook.com/groups/landhomechiangmai/,https://www.facebook.com/groups/landhomechiangmai/posts/4551974528363490/
ซื้อขายบ้านและที่ดินเชียงใหม่,https://www.facebook.com/groups/landhomechiangmai/,https://www.facebook.com/groups/landhomechiangmai/posts/4550642538496689/
ซื้อขายบ้านและที่ดินเชียงใหม่,https://www.facebook.com/groups/landhomechiangmai/,https://www.facebook.com/groups/landhomechiangmai/posts/4551232868437656/
ซื้อขายบ้านและที่ดินเชียงใหม่,https://www.facebook.com/groups/landhomechiangmai/,https://www.facebook.com/groups/landhomechiangmai/posts/4551228785104731/
