ประเภท,ราคา,ทำเล,ขนาด,Owner Score,Link
ที่ดิน,"ขายถูก🚩950,000 | ลดราคาจาก 1.1 ล้าน เหลือ 950,000 ถูกสุดในย่านนี้ | ลดราคาจาก 1.1 ล้าน เหลือ 950,000 ถูกสุดในย่านนี้",ติดถนนสัญจร | ใกล้สวนทวีชล | ใกล้เซ็นทรัลเฟส 11 กม. | เข้าซอยจากถนนทางหลวงแค่ 200 ม. | ทางตรงเซ็นทรัลเฟส 11 กม. (แยกศาลเด็ก) | จากถนนเชียงใหม่-ดอยสะเก็ด | กลางชุมชน มีเพื่อนบ้าน ร้านค้า โดยรอบ | ต.เชิงดอย อ. ดอยสะเก็ด จ.เชียงใหม่ | ใกล้สวนพฤกษ์ศาสตร์ ทวีชล 1 กม. | ใกล้รพ.ดอยสะเก็ด 3.5 กม. | ใกล้ทางหลวง 118 (ชม-ดอยสะเก็ด) แค่ 200 ม. | มีรถประจำทางผ่านปากซอย,80 ตรว. | กว้างประมาณ 11 ม. ลึก 30 ม. | 80ตรว.,9/100,https://www.livinginsider.com/livingdetail/2871134/Land-next-to-a-road-80-sq-m-near-Thaweechon-Park-near-Central-Festival-11-km-entering-the-all.html
บ้านเดี่ยว,ขาย 3.99 ล้านบาท*,"โครงการโรสรินทร์- ดอยสะเก็ด | โรสรินทร์- ดอยสะเก็ด, สันปูเลย | โซนเชียงใหม่–ดอยสะเก็ด (ท่ารั้ว-บ่อหิน) | Central Festival / Big C Extra / HomePro / Lotus / Makro ม.พายัพ / รพ.กรุงเทพเชียงใหม่ | Rosesarin Chiangmai",ที่ดิน 97 ตร.ว. (ใหญ่สุดในโครงการ) | พื้นที่ใช้สอย 230 ตร.ม.,9/100,https://www.livinginsider.com/livingdetail/2871697/Very-new-detached-house-Rosarin-Project-Doi-Saket-the-largest-land-in-the-project-In-this-very.html
บ้านเดี่ยว,ราคา 8.99 ล้าน ‼️ลดเหลือราคา 7.99 ล้าน‼️,หมู่บ้านลัดดารมย์ อิลิแกนซ์ เชียงใหม่ | ถนนวงแหวนรอบ2 แยกมหิดล | แยกพรอมมินาด้า | หมู่บ้านลัดดารมย์อิลิแกนท์ ต.ท่าศาลา อ.เมือง จ.เชียงใหม่,ที่ดิน 89.7 ตร.วา | พื้นที่ใช้สอยในบ้าน 240 ตร.ม,80/100,https://www.livinginsider.com/livingdetail/2871756/House-for-sale-in-a-luxury-project-Laddarom-Elegance-Village-Chiang-Mai-sold-below-appraised-price.html
บ้านเดี่ยว,-,ซอยหมื่นด้ามพร้าคต1 ถนนช้างเผือก ถนนศรีภูมิ เมืองเชียงใหม่ เชียงใหม่ | บ้านเดี่ยว + ที่ดิน ซอยหมื่นด้ามพร้าคต1 ถ.ช้างเผือก เมืองเชียงใหม่ เชียงใหม่ | ซอยหมื่นด้ามพร้าคต1 ถนนช้างเผือก ถนนศรีภูมิ ตำบลช้างเผือก อำเภอเมืองเชียงใหม่ จังหวัดเชียงใหม่ | ซอยหมื่นด้มพร้าคต1 ถนนช้างเผือก (แปลงมุม) คิดถนน 2 ด้าน,79.8 ตร.ว. | ขนาด 79.8 ตร.ว.,4/100,https://www.livinginsider.com/livingdetail/2871905/Land-detached-house-79-8-sq-m-Detached-house-land-Soi-Muen-Dam-Phra-Khot-1-Chang-Phueak-Road.html
ที่ดิน,"1,060,000 (ตรวละ 9,900)",ต.เชิงดอย อ.ดอยสะเก็ด | ใกล้ทางหลวงเชียงใหม่-ดอยสะเก็ด 500 ม. | ต.เชิงดอย ดอยสะเก็ด | เส้นทางตรงไปเซ็นทรัลเฟส 16กม. | เข้าซอย 500 ม. จาก ถ.เชียงใหม่-ดอยสะเก็ด | ต.เชิงดอย อ. ดอยสะเก็ด จ.เชียงใหม่ | ใกล้รพ.ดอยสะเก็ด 3 กม. | ใกล้ทางหลวง 118 (ชม-ดอยสะเก็ด) แค่ 500 ม. | เส้นทางตรงไปเซ็นทรัลเฟส 16 กม,107 ตรว. | ที่ดิน 107 ตรว.,15/100,https://www.livinginsider.com/livingdetail/2872192/107-sq-m-For-sale-9900-per-sq-m-Direct-route-to-Central-Festival-16-km-near-Chiang-Mai-Doi-Sa.html
บ้านเดี่ยว,[กรุณาระบุราคา] บาท,จังหวัดเชียงใหม่ | เชียงใหม่ | สนามบินเชียงใหม่ – ประมาณ 2 กม. | ห้างสรรพสินค้า – ประมาณ 2 กม. | โลตัส คำเที่ยง – ประมาณ 1 กม. | ตลาดธานินทร์,"ขนาดที่ดิน: 202 ตร.ม. | พื้นที่ใช้สอย: 1,200 ตร.ม.",80/100,https://www.livinginsider.com/livingdetail/2873020/%E0%B8%9A%E0%B9%89%E0%B8%B2%E0%B8%99%E0%B9%80%E0%B8%94%E0%B8%B5%E0%B9%88%E0%B8%A2%E0%B8%A7-3-%E0%B8%AB%E0%B9%89%E0%B8%AD%E0%B8%87%E0%B8%99%E0%B8%AD%E0%B8%99-%E0%B8%9E%E0%B8%A3%E0%B9%89%E0%B8%AD%E0%B8%A1%E0%B8%8A%E0%B8%B1%E0%B9%89%E0%B8%99%E0%B9%83%E0%B8%95%E0%B9%89%E0%B8%94%E0%B8%B4%E0%B8%99-%E0%B8%88%E0%B8%B1%E0%B8%87%E0%B8%AB%E0%B8%A7%E0%B8%B1%E0%B8%94%E0%B9%80%E0%B8%8A%E0%B8%B5%E0%B8%A2%E0%B8%87%E0%B9%83%E0%B8%AB%E0%B8%A1%E0%B9%88-%F0%9F%93%9E-contact-062-496-6454.html
คอนโด,ราคาพิเศษเพียง 2.75 MB,เวียงพิงค์ แมนชั่น | ติดห้าง MAYA แค่ 200 ม. | ห้อง 503 ชั้น 5 | ใกล้ ถ.นิมมานเหมินทร์ | ห้าง MAYA เดินไปได้เลย เเค่ 1 นาที | ถนนนิมมาน 2 นาที | มหาวิทยาลัยเชียงใหม่ 5 นาที | มทร.ราชมงคลล้านนา 5 นาที | รร.สาธิตมหาวิทยาลัยเชียงใหม่ 9 นาที | ศูนย์ศรีพัฒน์ 8 นาที | โรงพยาบาลเชียงใหม่มหาราช 9 นาที,ขนาด 42.70 ตรม. | 1 ห้องนอน | 1 ห้องน้ำ | 1 ครัว | 1 ระเบียงใหญ่,9/100,https://www.livinginsider.com/livingdetail/2873178/Condo-in-prime-location-Wiang-Ping-Mansion-prime-location-next-to-MAYA-department-store-just-200.html
ที่ดิน,-,ต.หนองตอง อ.หางดง จ.เชียงใหม่ | ตำบลหนองตอง อำเภอหางดง จังหวัดเชียงใหม่,เนื้อที่ 557 ตารางวา | เนื้อที่ 557 ตารางวา หรือ 1 ไร่ 1 งาน 57 ตารางวา,90/100,https://www.livinginsider.com/livingdetail/2873457/%E0%B8%82%E0%B8%B2%E0%B8%A2%E0%B8%97%E0%B8%B5%E0%B9%88%E0%B8%94%E0%B8%B4%E0%B8%99%E0%B9%80%E0%B8%9B%E0%B8%A5%E0%B9%88%E0%B8%B2-%E0%B8%95-%E0%B8%AB%E0%B8%99%E0%B8%AD%E0%B8%87%E0%B8%95%E0%B8%AD%E0%B8%87-%E0%B8%AD-%E0%B8%AB%E0%B8%B2%E0%B8%87%E0%B8%94%E0%B8%87-%E0%B8%88-%E0%B9%80%E0%B8%8A%E0%B8%B5%E0%B8%A2%E0%B8%87%E0%B9%83%E0%B8%AB%E0%B8%A1%E0%B9%88-%E0%B9%80%E0%B8%99%E0%B8%B7%E0%B9%89%E0%B8%AD%E0%B8%97%E0%B8%B5%E0%B9%88-557-%E0%B8%95%E0%B8%B2%E0%B8%A3%E0%B8%B2%E0%B8%87%E0%B8%A7%E0%B8%B2-%E0%B9%80%E0%B8%AB%E0%B8%A1%E0%B8%B2%E0%B8%B0%E0%B8%AA%E0%B8%B3%E0%B8%97%E0%B8%B3%E0%B8%AB%E0%B8%A3%E0%B8%B1%E0%B8%9A%E0%B8%81%E0%B8%B2%E0%B8%A3%E0%B9%80%E0%B8%81%E0%B8%A9%E0%B8%95%E0%B8%A3-%E0%B8%97%E0%B8%B3%E0%B8%99%E0%B8%B2-%E0%B8%9B%E0%B8%A5%E0%B8%B9%E0%B8%81%E0%B8%97%E0%B8%B5%E0%B9%88%E0%B8%9E%E0%B8%B1%E0%B8%81%E0%B8%AD%E0%B8%B2%E0%B8%A8%E0%B8%B1%E0%B8%A2.html
คอนโด,เสนอขายเพียง 1.78 ล้านบาท,เดอะจิ๊กซอว์คอนโดมิเนียม2 | ย่านธุรกิจ CBP และสถานทูตอเมริกัน เชียงใหม่ | Jigsaw 2 condominium | ใกล้สถานทูตอเมริกาใหม่ และ BigC Extra | อยู่ในบิซซิเนสปาร์ค | อยู่หลังสถานทูตอเมริกา | 7-11 อยู่ติดคอนโด | บิ๊กซีเอ็กซ์ตร้า 3 นาที | โรงพยาบาลกรุงเทพ 3 นาที | ม.พายัพ 3 นาที | ใกล้ Central Festival 5 นาที | Greenpark Community Mall 5 นาที,38 ตร.ม.,4/100,https://www.livinginsider.com/livingdetail/2873517/Room-for-sale-at-The-Jigsaw-Condominium-2-Business-area-CBP-and-American-Embassy-Chiang-Mai.html
ที่ดิน,"1,500,000",ใกล้ ถนนชม.-พร้าว แค่ 100 ม. | ใกล้ปั๊ม ปตท. 200 ม. | ก่อนถึงตลาดเจดีย์แม่ครัว 2 กม. | เข้าเมือง 17กม. | ถนนเชียงใหม่-พร้าว(สี่เลน) | ใกล้ปั๊มปตท. 200ม. | ตลาดเจดีย์แม่ครัว 2กม. | ใกล้ม.แม่โจ้ 7 กม. | เส้นตรงเข้าเมือง 17 กม. | ใกล้ที่ทำการตำรวจภูธรภาค 5 (แห่งใหม่) | ต.แม่แฝก อ.สันทราย จ.เชียงใหม่ - ถนนทางหลวง 1001 (เชียงใหม่-พร้าว) - เข้าซอยแค่ 100 เมตร | ใกล้ปั๊มปตท. เซเว่น กาแฟอเมซอน 200 ม. | ใกล้สถานีตำรวจแม่แฝก 1.5 กม. | ก่อนถึงตลาดเจดีย์แม่ครัว 2 กม. | ห่างจากมหาวิทยาลัยแม่โจ้ 7 กม. | ทางตรงเข้าตัวเมือง 17 กม.,143 ตรว. | 143.2 ตรว. | หน้ากว้าง 22 เมตร ความลึก 25 เมตร | 143 ตรว.,15/100,https://www.livinginsider.com/livingdetail/2873535/Land-143-sq-m-near-Chom-Phrao-Road-only-100-m-there-is-a-bus-near-the-PTT-gas-station-200-m-.html
คอนโด,"เราขายเพียง 2,200,000 บาท",แกรนด์สิริธารา (Grand Sirithara Condo) | ตรงข้ามโครงการ Serene Lake – แม่เหียะ เชียงใหม่,60 ตร.ม.,15/100,https://www.livinginsider.com/livingdetail/2873827/%E2%9C%A8-%E0%B8%9B%E0%B8%A3%E0%B8%B0%E0%B8%81%E0%B8%B2%E0%B8%A8%E0%B8%82%E0%B8%B2%E0%B8%A2%E0%B8%94%E0%B9%88%E0%B8%A7%E0%B8%99-%E0%B8%84%E0%B8%AD%E0%B8%99%E0%B9%82%E0%B8%94%E0%B9%81%E0%B8%81%E0%B8%A3%E0%B8%99%E0%B8%94%E0%B9%8C%E0%B8%AA%E0%B8%B4%E0%B8%A3%E0%B8%B4%E0%B8%98%E0%B8%B2%E0%B8%A3%E0%B8%B2-grand-sirithara-condo.html
คอนโด,ราคาพิเศษเพียง 3.49 MB.,"Hillpark 2 เจ็ดยอด คันคลอง | ใกล้ ม.เชียงใหม่, Maya | มหาวิทยาลัยเชียงใหม่ 5 นาที | มทร.ราชมงคลล้านนา 5 นาที | รร.สาธิตมหาวิทยาลัยเชียงใหม่ 6 นาที | ถนนนิมมาน 3 นาที | ห้างMAYA 3 นาที | รพ.เชียงใหม่ราม 9 นาที | โรงพยาบาลเชียงใหม่มหาราช 10 นาที",ห้องใหญ่ขนาด 70 ตรม.,15/100,https://www.livinginsider.com/livingdetail/2873837/Condo-in-prime-location-Hillpark-2-near-Chiang-Mai-University-Maya-beautiful-room-built-in-furn.html
คอนโด,ขาย 2.69 ล้านบาท* ฟรีโอน,ศรีธนาคอนโด 2 | Modern Cozy | ใกล้ ถ.นิมมาน MAYA | ถ.ห้วยแก้ว และ ถ.ศิริมังคลาจารย์ ซอย 1 | มหาวิทยาลัยเชียงใหม่ 5 นาที | ถนนนิมมาน 3 นาที | ห้าง MAYA / One Nimman/ Think park 800 เมตร | รพ.เชียงใหม่ราม 3 นาที | โรงพยาบาลเชียงใหม่มหาราช 3 นาที,ขนาด 36.5 ตร.ม.,15/100,https://www.livinginsider.com/livingdetail/2874334/%E0%B8%A8%E0%B8%A3%E0%B8%B5%E0%B8%98%E0%B8%99%E0%B8%B2%E0%B8%84%E0%B8%AD%E0%B8%99%E0%B9%82%E0%B8%94-2-%E0%B8%AB%E0%B9%89%E0%B8%AD%E0%B8%87%E0%B8%A7%E0%B8%B4%E0%B8%A7%E0%B9%80%E0%B8%A1%E0%B8%B7%E0%B8%AD%E0%B8%87%E0%B9%81%E0%B8%A5%E0%B8%B0%E0%B8%A0%E0%B8%B9%E0%B9%80%E0%B8%82%E0%B8%B2-%E0%B8%95%E0%B8%81%E0%B9%81%E0%B8%95%E0%B9%88%E0%B8%87%E0%B8%AA%E0%B8%A7%E0%B8%A2%E0%B8%AB%E0%B8%A3%E0%B8%B9-%E0%B9%80%E0%B8%9F%E0%B8%AD%E0%B8%A3%E0%B9%8C%E0%B8%99%E0%B8%B4%E0%B9%80%E0%B8%88%E0%B8%AD%E0%B8%A3%E0%B9%8C%E0%B8%9A%E0%B8%B4%E0%B9%89%E0%B8%A7%E0%B8%AD%E0%B8%B4%E0%B8%99%E0%B8%AB%E0%B8%A3%E0%B8%B9-%E0%B8%97%E0%B8%B1%E0%B9%89%E0%B8%87%E0%B8%AB%E0%B9%89%E0%B8%AD%E0%B8%87-fully-furnished-%E0%B8%9E%E0%B8%A3%E0%B9%89%E0%B8%AD%E0%B8%A1%E0%B9%80%E0%B8%82%E0%B9%89%E0%B8%B2%E0%B8%AD%E0%B8%A2%E0%B8%B9%E0%B9%88.html
คอนโด,ขาย 3.98 ล้านบาท*,ศรีธนาคอนโด 2 | ถ.นิมมาน–ห้วยแก้ว | เชียงใหม่ | ใกล้มหาวิทยาลัยเชียงใหม่(มช.) 5 นาที | นิมมาน / MAYA / One Nimman / Think Park 3 นาที | รพ.เชียงใหม่ราม / รพ.มหาราช 3 นาที | สนามบินเชียงใหม่ 10 นาที,ห้องขนาดใหญ่ 73 ตร.ม. | ชั้น 3,15/100,https://www.livinginsider.com/livingdetail/2874352/%E0%B8%A8%E0%B8%A3%E0%B8%B5%E0%B8%98%E0%B8%99%E0%B8%B2%E0%B8%84%E0%B8%AD%E0%B8%99%E0%B9%82%E0%B8%94-2-%E0%B8%AB%E0%B9%89%E0%B8%AD%E0%B8%87%E0%B8%A1%E0%B8%B8%E0%B8%A1%E0%B8%AA%E0%B9%88%E0%B8%A7%E0%B8%99%E0%B8%95%E0%B8%B1%E0%B8%A7-%E0%B8%A1%E0%B8%B5-2-%E0%B8%AB%E0%B9%89%E0%B8%AD%E0%B8%87%E0%B8%99%E0%B8%AD%E0%B8%99%E0%B9%83%E0%B8%AB%E0%B8%8D%E0%B9%88-%E0%B8%A1%E0%B8%B5%E0%B8%A3%E0%B8%B0%E0%B9%80%E0%B8%9A%E0%B8%B5%E0%B8%A2%E0%B8%87-%E0%B8%A3%E0%B8%B5%E0%B9%82%E0%B8%99%E0%B9%80%E0%B8%A7%E0%B8%97%E0%B9%83%E0%B8%AB%E0%B8%A1%E0%B9%88%E0%B8%A1%E0%B8%B2%E0%B8%81-%E0%B8%A1%E0%B8%B5%E0%B9%82%E0%B8%84%E0%B8%A7%E0%B8%95%E0%B8%B2%E0%B8%8A%E0%B8%B2%E0%B8%A7%E0%B8%95%E0%B9%88%E0%B8%B2%E0%B8%87%E0%B8%8A%E0%B8%B2%E0%B8%95%E0%B8%B4.html
ที่ดิน,ลดจาก 2.5 ล้าน เหลือขายเพียง 2 ล้านบาทเท่านั้น,ต.ท่าผา อ.แม่แจ่ม จ.เชียงใหม่ | บ้านผานัง ตำบลท่าผา อำเภอแม่แจ่ม จังหวัดเชียงใหม่ | ใกล้อุทยานแห่งชาติดอยอินทนนท์ | ใกล้วัดผานัง โรงเรียนบ้านผานัง,2-0-11.8 ไร่ | ที่ดินโฉนด 2 แปลง ขนาด 1-2-83.8 และ 0-1-28 ไร่ รวมทั้งสิ้น 2-0-11.8 ไร่,9/100,https://www.livinginsider.com/livingdetail/2875037/Land-for-sale-on-the-hillside-of-the-Feng-Shui-Dragons-Belly-mountain-See-the-view-of-Doi-Inthanon.html
ที่ดิน,"ราคา: 5,000,000 บาท","สันกำแพง ใกล้ ถนน เชียงใหม่ ดอยสะเก็ด เพียง 2 กม. | ใกล้ ถนน เชียงใหม่ ดอยสะเก็ด เพียง 2 กิโลเมตร | สวนอาหารบัว สนามบินเชียงใหม่ รร.วารีเชียงใหม่ รร.มงฟอร์ตวิทยาลัย แผนกมัธยม เซ็นทรัล พลาซา เชียงใหม่ แอร์พอร์ต เซ็นทรัล เฟสติวัล เชียงใหม่ รพ.ราชเวช เชียงใหม่ พิกัด: ,99.11762743",2 ไร่ 1 งาน 13 ตร.วา | ขนาด 2 ไร่ 1 งาน 13 ตร.วา,80/100,https://www.livinginsider.com/livingdetail/2875355/%E0%B8%82%E0%B8%B2%E0%B8%A2-%E0%B8%97%E0%B8%B5%E0%B9%88%E0%B8%94%E0%B8%B4%E0%B8%99-%E0%B8%AA%E0%B8%B1%E0%B8%99%E0%B8%81%E0%B8%B3%E0%B9%81%E0%B8%9E%E0%B8%87-%E0%B9%83%E0%B8%81%E0%B8%A5%E0%B9%89-%E0%B8%96%E0%B8%99%E0%B8%99-%E0%B9%80%E0%B8%8A%E0%B8%B5%E0%B8%A2%E0%B8%87%E0%B9%83%E0%B8%AB%E0%B8%A1%E0%B9%88-%E0%B8%94%E0%B8%AD%E0%B8%A2%E0%B8%AA%E0%B8%B0%E0%B9%80%E0%B8%81%E0%B9%87%E0%B8%94-%E0%B9%80%E0%B8%9E%E0%B8%B5%E0%B8%A2%E0%B8%87-2-%E0%B8%81%E0%B8%A1-2-%E0%B9%84%E0%B8%A3%E0%B9%88-1-%E0%B8%87%E0%B8%B2%E0%B8%99-13-%E0%B8%95%E0%B8%A3-%E0%B8%A7%E0%B8%B2.html
ที่ดิน,-,"บ้านกลาง สันป่าตอง เชียงใหม่ | ใกล้วัดพระเจ้าทองทิพย์ เพียงแค่ 300 เมตร | บ้านกลาง อ.สันป่าตอง จ.เชียงใหม่ | อยู่ใกล้วัดพระเจ้าทองทิพย์ เพียง 300 เมตร | ห่างจากโรงพยาบาลสันป่าตองเพียง 4.3 กม. | ตำบลบ้านกลาง อำเภอสันป่าตอง จังหวัดเชียงใหม่ | พิกัด GPS ที่ตั้งทรัพย์ 18.56633828,98.88164249",เนื้อที่ 1-0-1.8 ไร่,90/100,https://www.livinginsider.com/livingdetail/2875389/Land-for-sale-Baan-Klang-San-Pa-Tong-Chiang-Mai-near-Phra-Chao-Thong-Thip-Temple-just-300-meter.html
ที่ดิน,ขายเพียง 110 ล้านบาท,คูเมืองเชียงใหม่ | ใกล้ประตูเมือง / คอมมูนิตี้ร้านดัง,250 ตร.วา | หน้ากว้าง 30 ม.,90/100,https://www.livinginsider.com/livingdetail/2875468/%E0%B8%AA%E0%B8%B8%E0%B8%94-rare-%E0%B8%97%E0%B8%B5%E0%B9%88%E0%B8%94%E0%B8%B4%E0%B8%99%E0%B9%83%E0%B8%99%E0%B8%84%E0%B8%B9%E0%B9%80%E0%B8%A1%E0%B8%B7%E0%B8%AD%E0%B8%87%E0%B9%80%E0%B8%8A%E0%B8%B5%E0%B8%A2%E0%B8%87%E0%B9%83%E0%B8%AB%E0%B8%A1%E0%B9%88-%E0%B8%95%E0%B8%B4%E0%B8%94%E0%B8%95%E0%B8%A5%E0%B8%B2%E0%B8%94%E0%B8%97%E0%B8%B5%E0%B9%88%E0%B8%AA%E0%B8%B8%E0%B8%94%E0%B9%83%E0%B8%99%E0%B8%9B%E0%B8%B5%E0%B8%99%E0%B8%B5%E0%B9%89.html
พูลวิลล่า,ราคาเพียง 12.5 ล้านบาท,แสนสราญ หางดง,เนื้อที่: 188 ตรว. (752 ตร.ม.) | พื้นที่ใช้สอย: 287 ตร.ม.,9/100,https://www.livinginsider.com/livingdetail/2875883/%E2%AD%90%E0%B8%82%E0%B8%B2%E0%B8%A2%E0%B8%9E%E0%B8%B9%E0%B8%A5%E0%B8%A7%E0%B8%B4%E0%B8%A5%E0%B8%A5%E0%B9%88%E0%B8%B2%E0%B8%AB%E0%B8%A3%E0%B8%B9-%E0%B9%81%E0%B8%AA%E0%B8%99%E0%B8%AA%E0%B8%A3%E0%B8%B2%E0%B8%8D-%E0%B8%AB%E0%B8%B2%E0%B8%87%E0%B8%94%E0%B8%87-%E0%B8%A5%E0%B8%94%E0%B8%A3%E0%B8%B2%E0%B8%84%E0%B8%B2%E0%B8%9E%E0%B8%B4%E0%B9%80%E0%B8%A8%E0%B8%A9%E0%B9%80%E0%B8%AB%E0%B8%A5%E0%B8%B7%E0%B8%AD%E0%B9%80%E0%B8%9E%E0%B8%B5%E0%B8%A2%E0%B8%87-12-5-%E0%B8%A5%E0%B9%89%E0%B8%B2%E0%B8%99-%E2%AD%90.html
บ้านเดี่ยว,เริ่มต้นเพียง 4.xx ล้านบาท,"ใกล้เมือง | มหาวิทยาลัยพายัพ | โรงเรียนดาราวิทยาลัย | โรงเรียนปรินส์รอยแยลส์วิทยาลัย | โรงเรียนนานาชาติ CMIS, SISB, NIS, Tonkla | ตลาดสามแยก / บิ๊กซีเอ็กซ์ตร้า | ห้างเซ็นทรัลเฟสติวัล | โรงพยาบาลกรุงเทพ / โรงพยาบาลแมคคอร์มิค | ร้านสะดวกซื้อหลายแห่ง",ขนาดที่ดิน 63–65.40 ตร.วา | พื้นที่ใช้สอย 150 ตร.ม.,9/100,https://www.livinginsider.com/livingdetail/2875979/%F0%9F%8C%BF-%E0%B8%82%E0%B8%B2%E0%B8%A2%E0%B8%9A%E0%B9%89%E0%B8%B2%E0%B8%99%E0%B9%80%E0%B8%94%E0%B8%B5%E0%B9%88%E0%B8%A2%E0%B8%A7-%E0%B9%80%E0%B8%A3%E0%B8%B4%E0%B9%88%E0%B8%A1%E0%B8%95%E0%B9%89%E0%B8%99%E0%B9%80%E0%B8%9E%E0%B8%B5%E0%B8%A2%E0%B8%87-4-xx-%E0%B8%A5%E0%B9%89%E0%B8%B2%E0%B8%99%E0%B8%9A%E0%B8%B2%E0%B8%97-%E0%B8%9A%E0%B9%89%E0%B8%B2%E0%B8%99%E0%B9%80%E0%B8%94%E0%B8%B5%E0%B9%88%E0%B8%A2%E0%B8%A7-2-%E0%B8%8A%E0%B8%B1%E0%B9%89%E0%B8%99-%E0%B8%AD%E0%B8%AD%E0%B8%81%E0%B9%81%E0%B8%9A%E0%B8%9A%E0%B8%A5%E0%B8%87%E0%B8%95%E0%B8%B1%E0%B8%A7-%E0%B8%9F%E0%B8%B1%E0%B8%87%E0%B8%81%E0%B9%8C%E0%B8%8A%E0%B8%B1%E0%B8%99%E0%B8%84%E0%B8%A3%E0%B8%9A%E0%B9%80%E0%B8%9E%E0%B8%B7%E0%B9%88%E0%B8%AD%E0%B8%84%E0%B8%A3%E0%B8%AD%E0%B8%9A%E0%B8%84%E0%B8%A3%E0%B8%B1%E0%B8%A7.html
ที่ดิน,"ราคาถูก เพียง 11,000 บาท/ตร.วา",โครงการเดอะเนเจอร์โฮม หางดง เชียงใหม่ | ต.หารแก้ว อ.หางดง จ.เชียงใหม่ | เฟส 3 (แปลงที่ 12),265 ตารางวา,90/100,https://www.livinginsider.com/livingdetail/2876096/%E0%B8%82%E0%B8%B2%E0%B8%A2%E0%B8%94%E0%B9%88%E0%B8%A7%E0%B8%99-%E0%B8%97%E0%B8%B5%E0%B9%88%E0%B8%94%E0%B8%B4%E0%B8%99%E0%B8%88%E0%B8%B1%E0%B8%94%E0%B8%AA%E0%B8%A3%E0%B8%A3-265-%E0%B8%95%E0%B8%B2%E0%B8%A3%E0%B8%B2%E0%B8%87%E0%B8%A7%E0%B8%B2-%E0%B9%82%E0%B8%84%E0%B8%A3%E0%B8%87%E0%B8%81%E0%B8%B2%E0%B8%A3%E0%B9%80%E0%B8%94%E0%B8%AD%E0%B8%B0%E0%B9%80%E0%B8%99%E0%B9%80%E0%B8%88%E0%B8%AD%E0%B8%A3%E0%B9%8C%E0%B9%82%E0%B8%AE%E0%B8%A1-%E0%B8%AB%E0%B8%B2%E0%B8%87%E0%B8%94%E0%B8%87-%E0%B9%80%E0%B8%8A%E0%B8%B5%E0%B8%A2%E0%B8%87%E0%B9%83%E0%B8%AB%E0%B8%A1%E0%B9%88-%E0%B8%A3%E0%B8%B2%E0%B8%84%E0%B8%B2%E0%B8%96%E0%B8%B9%E0%B8%81-%E0%B9%80%E0%B8%9E%E0%B8%B5%E0%B8%A2%E0%B8%87-11-000-%E0%B8%9A%E0%B8%B2%E0%B8%97-%E0%B8%95%E0%B8%A3-%E0%B8%A7%E0%B8%B2.html
บ้านเดี่ยว,"ราคา 18,500,000",มัณฑนา–สันทราย เชียงใหม่,119.50 ตรว. / พท.ใช้สอย 289 ตรม.,15/100,https://www.livinginsider.com/livingdetail/2876112/%E0%B8%9A%E0%B9%89%E0%B8%B2%E0%B8%99%E0%B9%83%E0%B8%AB%E0%B8%8D%E0%B9%88%E0%B8%AA%E0%B8%B8%E0%B8%94%E0%B9%83%E0%B8%99%E0%B9%82%E0%B8%84%E0%B8%A3%E0%B8%87%E0%B8%81%E0%B8%B2%E0%B8%A3-%E0%B8%95%E0%B8%B4%E0%B8%94%E0%B8%AA%E0%B8%A7%E0%B8%99%E0%B8%AA%E0%B9%88%E0%B8%A7%E0%B8%99%E0%B8%81%E0%B8%A5%E0%B8%B2%E0%B8%87-%E0%B9%80%E0%B8%94%E0%B8%B4%E0%B8%99%E0%B9%84%E0%B8%A1%E0%B9%88%E0%B8%96%E0%B8%B6%E0%B8%87%E0%B8%99%E0%B8%B2%E0%B8%97%E0%B8%B5%E0%B8%96%E0%B8%B6%E0%B8%87%E0%B8%AA%E0%B8%A3%E0%B8%B0-%E0%B8%9F%E0%B8%B4%E0%B8%95%E0%B9%80%E0%B8%99%E0%B8%AA-%E0%B8%9E%E0%B8%A3%E0%B9%89%E0%B8%AD%E0%B8%A1%E0%B8%AD%E0%B8%A2%E0%B8%B9%E0%B9%88-%E0%B8%9A%E0%B9%89%E0%B8%B2%E0%B8%99%E0%B9%83%E0%B8%AB%E0%B8%A1%E0%B9%88%E0%B9%84%E0%B8%A1%E0%B9%88%E0%B9%80%E0%B8%84%E0%B8%A2%E0%B8%A1%E0%B8%B5%E0%B8%84%E0%B8%99%E0%B8%AD%E0%B8%A2%E0%B8%B9%E0%B9%88-%E0%B8%82%E0%B8%B2%E0%B8%A2%E0%B8%96%E0%B8%B9%E0%B8%81%E0%B8%81%E0%B8%A7%E0%B9%88%E0%B8%B2%E0%B9%82%E0%B8%84%E0%B8%A3%E0%B8%87%E0%B8%81%E0%B8%B2%E0%B8%A3%E0%B8%81%E0%B8%A7%E0%B9%88%E0%B8%B2-5-%E0%B8%A5%E0%B9%89%E0%B8%B2%E0%B8%99-%E0%B8%A3%E0%B8%B2%E0%B8%84%E0%B8%B2-18-5-%E0%B8%A5%E0%B9%89%E0%B8%B2%E0%B8%99-%E0%B8%95%E0%B8%B4%E0%B8%94%E0%B8%95%E0%B9%88%E0%B8%AD%E0%B8%A5%E0%B8%B9%E0%B8%81%E0%B9%80%E0%B8%88%E0%B8%B5%E0%B9%8A%E0%B8%A2%E0%B8%9A-0655365165-%E0%B8%9A%E0%B9%89%E0%B8%B2%E0%B8%99%E0%B9%80%E0%B8%8A%E0%B8%B5%E0%B8%A2%E0%B8%87%E0%B9%83%E0%B8%AB%E0%B8%A1%E0%B9%88-%E0%B8%9A%E0%B9%89%E0%B8%B2%E0%B8%99%E0%B8%95%E0%B8%B4%E0%B8%94%E0%B8%AA%E0%B8%A7%E0%B8%99-%E0%B8%9A%E0%B9%89%E0%B8%B2%E0%B8%99%E0%B8%AB%E0%B8%A3%E0%B8%B9%E0%B8%9E%E0%B8%A3%E0%B9%89%E0%B8%AD%E0%B8%A1%E0%B8%AD%E0%B8%A2%E0%B8%B9%E0%B9%88-%E0%B8%94%E0%B8%B5%E0%B8%A5%E0%B8%AB%E0%B8%B2%E0%B8%A2%E0%B8%B2%E0%B8%81-%E0%B8%A5%E0%B8%B9%E0%B8%81%E0%B9%80%E0%B8%88%E0%B8%B5%E0%B9%8A%E0%B8%A2%E0%B8%9A%E0%B8%94%E0%B8%B9%E0%B9%81%E0%B8%A5%E0%B8%84%E0%B9%88%E0%B8%B0.html
คอนโด,ราคาพิเศษเพียง 3.98 ล้านบาท,ศรีธนาคอนโดมิเนียม 2 | ช้างเผือก เชียงใหม่ | ใกล้นิมมาน | ใจกลางเมืองเชียงใหม่ | ถ.ห้วยแก้ว / ถ.ศิริมังคลาจารย์ ซอย 1 | ม.เชียงใหม่(มช.) 5 นาที | นิมมาน / MAYA / One Nimman / Think Park 3 นาที | รพ.เชียงใหม่ราม / รพ.มหาราช 3 นาที | สนามบินเชียงใหม่ 10 นาที,ห้องขนาดใหญ่ 73 ตร.ม.,9/100,https://www.livinginsider.com/livingdetail/2876655/%E0%B8%82%E0%B8%B2%E0%B8%A2%E0%B8%AB%E0%B9%89%E0%B8%AD%E0%B8%87%E0%B8%A8%E0%B8%A3%E0%B8%B5%E0%B8%98%E0%B8%99%E0%B8%B2%E0%B8%84%E0%B8%AD%E0%B8%99%E0%B9%82%E0%B8%94%E0%B8%A1%E0%B8%B4%E0%B9%80%E0%B8%99%E0%B8%B5%E0%B8%A2%E0%B8%A1-2-%E0%B9%81%E0%B8%95%E0%B9%88%E0%B8%87%E0%B8%AB%E0%B8%A3%E0%B8%B9-%E0%B8%97%E0%B8%B3%E0%B9%80%E0%B8%A5%E0%B8%97%E0%B8%AD%E0%B8%87%E0%B9%83%E0%B8%81%E0%B8%A5%E0%B9%89%E0%B8%99%E0%B8%B4%E0%B8%A1%E0%B8%A1%E0%B8%B2%E0%B8%99-%E0%B8%8A%E0%B9%89%E0%B8%B2%E0%B8%87%E0%B9%80%E0%B8%9C%E0%B8%B7%E0%B8%AD%E0%B8%81-%E0%B9%80%E0%B8%8A%E0%B8%B5%E0%B8%A2%E0%B8%87%E0%B9%83%E0%B8%AB%E0%B8%A1%E0%B9%88.html
คอนโด,ราคาพิเศษเพียง 2.65 ล้านบาท,"คอนโดทวีผลทาวเวอร์ | โซนเจ็ดยอด | ใกล้นิมมาน เชียงใหม่ | ติดถนนคันคลอง เจ็ดยอด | ใกล้นิมมานเหมินทร์, ม.เชียงใหม่, มทร.ล้านนา",2 Bedrooms ขนาด 50.52 ตรม. | ขนาด 50.52 ตรม.,4/100,https://www.livinginsider.com/livingdetail/2876712/%E0%B8%84%E0%B8%AD%E0%B8%99%E0%B9%82%E0%B8%94%E0%B8%97%E0%B8%A7%E0%B8%B5%E0%B8%9C%E0%B8%A5%E0%B8%97%E0%B8%B2%E0%B8%A7%E0%B9%80%E0%B8%A7%E0%B8%AD%E0%B8%A3%E0%B9%8C-%E0%B8%AB%E0%B9%89%E0%B8%AD%E0%B8%87%E0%B8%81%E0%B8%A7%E0%B9%89%E0%B8%B2%E0%B8%87-%E0%B8%A7%E0%B8%B4%E0%B8%A7%E0%B8%A0%E0%B8%B9%E0%B9%80%E0%B8%82%E0%B8%B2-%E0%B9%82%E0%B8%8B%E0%B8%99%E0%B9%80%E0%B8%88%E0%B9%87%E0%B8%94%E0%B8%A2%E0%B8%AD%E0%B8%94-%E0%B9%83%E0%B8%81%E0%B8%A5%E0%B9%89%E0%B8%99%E0%B8%B4%E0%B8%A1%E0%B8%A1%E0%B8%B2%E0%B8%99-%E0%B9%80%E0%B8%8A%E0%B8%B5%E0%B8%A2%E0%B8%87%E0%B9%83%E0%B8%AB%E0%B8%A1%E0%B9%88.html
ที่ดิน,ขาย 3.9 แสน (รวมโอน),บ้านโป่ง ต.แม่แฝก อ.สันทราย จ.เชียงใหม่ | ต.แม่แฝก อ.สันทราย จ.เชียงใหม่ | ห่างถนนหลัก หมายเลข1001 1.5 กม. | ห่างมหาลัยแม่โจ้ 22 กิโล,79 ตรว. | 79 ตรว. | 79 ตรว.,9/100,https://www.livinginsider.com/livingdetail/502418/%E0%B8%82%E0%B8%B2%E0%B8%A2%E0%B8%97%E0%B8%B5%E0%B9%88%E0%B8%94%E0%B8%B4%E0%B8%99%E0%B8%96%E0%B8%A1%E0%B9%81%E0%B8%A5%E0%B9%89%E0%B8%A7-79-%E0%B8%95%E0%B8%A3%E0%B8%A7-%E0%B8%9A%E0%B9%89%E0%B8%B2%E0%B8%99%E0%B9%82%E0%B8%9B%E0%B9%88%E0%B8%87-%E0%B8%95-%E0%B9%81%E0%B8%A1%E0%B9%88%E0%B9%81%E0%B8%9D%E0%B8%81-%E0%B8%AD-%E0%B8%AA%E0%B8%B1%E0%B8%99%E0%B8%97%E0%B8%A3%E0%B8%B2%E0%B8%A2-%E0%B8%88-%E0%B9%80%E0%B8%8A%E0%B8%B5%E0%B8%A2%E0%B8%87%E0%B9%83%E0%B8%AB%E0%B8%A1%E0%B9%88-%E0%B8%84%E0%B8%B8%E0%B8%93%E0%B8%88%E0%B8%B8%E0%B9%8A-line-chuenjit-j.html
โรงแรม,"ราคาขาย 1,800 ล้านบาท",ใกล้ไนท์บาซาร์เชียงใหม่ 200 เมตร | ในเขตใจกลางเมืองเชียงใหม่ | ใกล้สนามบินเชียงใหม่ 5 กม. (15 นาที ),ขนาด 512 ห้องพัก | เนื้อที่ดิน 4-0-76 ไร่ | อาคารสูง 28 ชั้น | ซุพีเรีย 180 ห้อง | ดีลักซ์ 198 ห้อง | บิสสิเนส 120 ห้อง | จูเนียร์ สูท 14 ห้อง,9/100,https://www.livinginsider.com/livingdetail/667501/%E0%B8%82%E0%B8%B2%E0%B8%A2%E0%B9%82%E0%B8%A3%E0%B8%87%E0%B9%81%E0%B8%A3%E0%B8%A1-%E0%B8%A3%E0%B8%B0%E0%B8%94%E0%B8%B1%E0%B8%9A-4-%E0%B8%94%E0%B8%B2%E0%B8%A7-%E0%B8%82%E0%B8%99%E0%B8%B2%E0%B8%94-512-%E0%B8%AB%E0%B9%89%E0%B8%AD%E0%B8%87%E0%B8%9E%E0%B8%B1%E0%B8%81-%E0%B9%83%E0%B8%81%E0%B8%A5%E0%B9%89%E0%B9%84%E0%B8%99%E0%B8%97%E0%B9%8C%E0%B8%9A%E0%B8%B2%E0%B8%8B%E0%B8%B2%E0%B8%A3%E0%B9%8C%E0%B9%80%E0%B8%8A%E0%B8%B5%E0%B8%A2%E0%B8%87%E0%B9%83%E0%B8%AB%E0%B8%A1%E0%B9%88-200-%E0%B9%80%E0%B8%A1%E0%B8%95%E0%B8%A3.html
บ้านเดี่ยว,"ลดจาก 10 ล้าน ขายบ้านเดี่ยว สไตล์ล้านนา 1-2-63ไร่ คุ้มแม่ออน เชียงใหม่ ใกล้น้ำพุร้อนสันกำแพง แม่กำปอง #ขายที่ดินบ้านเดี่ยวอำเภอแม่ออนเชียงใหม่ #บ้าน 2 หลัง ศาลาไทย 1หลัง #2นอน 3น้ำ 1ครัว #1ไร่ 2 งาน 63วา #ใกล้น้ำพุร้อนสันกำแพง #น้ำตกธารทอง #ถ้ำแม่ออน #น้ำตกแม่กำปอง ราคา 8,500,000 บาท",คุ้มแม่ออน | ใกล้น้ำพุร้อนสันกำแพง | แม่กำปอง | เชียงใหม่ | อำเภอแม่ออนเชียงใหม่ | ถนน โยธาธิการ เชียงใหม่ บ้านน้อย-ถนน ดอนจั่น-น้ำพุร้อน แม่ออน อำเภอ สันกำแพง เชียงใหม่ 50130,1-2-63 ไร่ | 1ไร่ 2 งาน 63วา,9/100,https://www.livinginsider.com/livingdetail/707439/%E0%B8%82%E0%B8%B2%E0%B8%A2%E0%B8%9A%E0%B9%89%E0%B8%B2%E0%B8%99%E0%B8%9E%E0%B8%B1%E0%B8%81%E0%B8%95%E0%B8%B2%E0%B8%81%E0%B8%AD%E0%B8%B2%E0%B8%81%E0%B8%B2%E0%B8%A8%E0%B8%AA%E0%B9%84%E0%B8%95%E0%B8%A5%E0%B9%8C%E0%B8%A5%E0%B9%89%E0%B8%B2%E0%B8%99%E0%B8%99%E0%B8%B2-1-2-63-%E0%B9%84%E0%B8%A3%E0%B9%88-%E0%B8%84%E0%B8%B8%E0%B9%89%E0%B8%A1%E0%B9%81%E0%B8%A1%E0%B9%88%E0%B8%AD%E0%B8%AD%E0%B8%99-%E0%B9%83%E0%B8%81%E0%B8%A5%E0%B9%89%E0%B8%99%E0%B9%89%E0%B8%B3%E0%B8%9E%E0%B8%B8%E0%B8%A3%E0%B9%89%E0%B8%AD%E0%B8%99%E0%B8%AA%E0%B8%B1%E0%B8%99%E0%B8%81%E0%B8%B3%E0%B9%81%E0%B8%9E%E0%B8%87-%E0%B9%81%E0%B8%A1%E0%B9%88%E0%B8%81%E0%B8%B3%E0%B8%9B%E0%B8%AD%E0%B8%87-%E0%B9%80%E0%B8%8A%E0%B8%B5%E0%B8%A2%E0%B8%87%E0%B9%83%E0%B8%AB%E0%B8%A1%E0%B9%88-%E0%B8%A5%E0%B8%94%E0%B8%88%E0%B8%B2%E0%B8%81-1.html
โรงแรม,ขายราคา 180 ล้านบาท,ย่านนิมมานเหมินท์ เชียงใหม่ | ย่านนิมมานเหมินท์ ซอยสุขเกษม เชียงใหม่ | ใกล้ห้างเมญ่าเชียงใหม่ | ใกล้สนามบินเชียงใหม่,"เนื้อที่ดิน 121 ตร.ว. | พื้นที่ใช้สอย 2,430 ตร.ม",90/100,https://www.livinginsider.com/livingdetail/762131/%E0%B8%82%E0%B8%B2%E0%B8%A2%E0%B9%82%E0%B8%A3%E0%B8%87%E0%B9%81%E0%B8%A3%E0%B8%A1-4-%E0%B8%94%E0%B8%B2%E0%B8%A7-56-%E0%B8%AB%E0%B9%89%E0%B8%AD%E0%B8%87-%E0%B8%A2%E0%B9%88%E0%B8%B2%E0%B8%99%E0%B8%99%E0%B8%B4%E0%B8%A1%E0%B8%A1%E0%B8%B2%E0%B8%99%E0%B9%80%E0%B8%AB%E0%B8%A1%E0%B8%B4%E0%B8%99%E0%B8%97%E0%B9%8C-%E0%B9%80%E0%B8%8A%E0%B8%B5%E0%B8%A2%E0%B8%87%E0%B9%83%E0%B8%AB%E0%B8%A1%E0%B9%88-%E0%B9%83%E0%B8%81%E0%B8%A5%E0%B9%89%E0%B8%AB%E0%B9%89%E0%B8%B2%E0%B8%87%E0%B9%80%E0%B8%A1%E0%B8%8D%E0%B9%88%E0%B8%B2.html
บ้านเดี่ยว,8.9 ล้่าน,"หมู่บ้านเศรษฐสิริ สันทราย | ถนนเชียงใหม่-พร้าว ตำบลหนองจ๊อม อำเภอสันทราย จังหวัดเชียงใหม่ | ใกล้ ตลาดรวมโชค, โลตัส, รพ.เทพปัญญา, รพ.ลานนา, ม.แม่โจ้ และ เซ็นทรัล เฟสติวัล",เนื้อที่ 84 ตรว. | พื้นที่ใช้สอย 170 ตรม.,15/100,https://www.livinginsider.com/livingdetail/802060/%E0%B8%82%E0%B8%B2%E0%B8%A2%E0%B8%9A%E0%B9%89%E0%B8%B2%E0%B8%99%E0%B9%80%E0%B8%94%E0%B8%B5%E0%B9%88%E0%B9%88%E0%B8%A2%E0%B8%A7%E0%B8%AB%E0%B8%A5%E0%B8%B1%E0%B8%87%E0%B8%A1%E0%B8%B8%E0%B8%A1-%E0%B8%AB%E0%B8%A1%E0%B8%B9%E0%B9%88%E0%B8%9A%E0%B9%89%E0%B8%B2%E0%B8%99%E0%B9%80%E0%B8%A8%E0%B8%A3%E0%B8%A9%E0%B8%90%E0%B8%AA%E0%B8%B4%E0%B8%A3%E0%B8%B4-%E0%B8%AA%E0%B8%B1%E0%B8%99%E0%B8%97%E0%B8%A3%E0%B8%B2%E0%B8%A2-%E0%B9%80%E0%B8%9E%E0%B8%B5%E0%B8%A2%E0%B8%87-8-9-%E0%B8%A5%E0%B9%89%E0%B8%B2%E0%B8%99.html
ที่ดิน,-,หน้าแม่น้ำปิง | อำเภอ จอมจอง จ.เชียงใหม่ | ห่างจากถนนหลวง 108 เพียง 900 เมตร,เนื้อที่ 2 ไร่กว่า,90/100,https://www.livinginsider.com/livingdetail/861644/%E0%B8%82%E0%B8%B2%E0%B8%A2%E0%B8%97%E0%B8%B5%E0%B9%88%E0%B8%94%E0%B8%B4%E0%B8%99-%E0%B8%AB%E0%B8%99%E0%B9%89%E0%B8%B2%E0%B9%81%E0%B8%A1%E0%B9%88%E0%B8%99%E0%B9%89%E0%B8%B3%E0%B8%9B%E0%B8%B4%E0%B8%87-%E0%B8%A7%E0%B8%B4%E0%B8%A7%E0%B8%A0%E0%B8%B9%E0%B9%80%E0%B8%82%E0%B8%B2-%E0%B8%AA%E0%B8%A7%E0%B8%A2-%E0%B9%80%E0%B8%8A%E0%B8%B5%E0%B8%A2%E0%B8%87%E0%B9%83%E0%B8%AB%E0%B8%A1%E0%B9%88.html
คอนโด,"ราคา 1,850,000 บาท",ศุภาลัย มอนเต้ แอด เวียง ติดอาเขต ชั้น 6 วิวฝั่งอาเขต ฝั่งทิศใต้,ขนาด 33 ตรม.,90/100,https://www.livinginsider.com/livingdetail/866255/-%E0%B8%82%E0%B8%B2%E0%B8%A2-%E0%B8%84%E0%B8%AD%E0%B8%99%E0%B9%82%E0%B8%94-%E0%B8%A8%E0%B8%B8%E0%B8%A0%E0%B8%B2%E0%B8%A5%E0%B8%B1%E0%B8%A2-%E0%B8%A1%E0%B8%AD%E0%B8%99%E0%B9%80%E0%B8%95%E0%B9%89-%E0%B9%81%E0%B8%AD%E0%B8%94-%E0%B9%80%E0%B8%A7%E0%B8%B5%E0%B8%A2%E0%B8%87-%E0%B8%95%E0%B8%B4%E0%B8%94%E0%B8%AD%E0%B8%B2%E0%B9%80%E0%B8%82%E0%B8%95-%E0%B8%A3%E0%B8%B2%E0%B8%84%E0%B8%B2-1850000-%E0%B8%9A%E0%B8%B2%E0%B8%97.html
คอนโด,"ราคาลดแล้ว เหลือ 1,850,000 บาท",ศุภาลัย มอนเต้ แอท เวียง ติดอาเขต สถานีขนส่ง ใกล้เซนทรัล เฟสติวัล,ขนาด 33 ตรม.,90/100,https://www.livinginsider.com/livingdetail/866259/-%E0%B8%82%E0%B8%B2%E0%B8%A2-%E0%B8%84%E0%B8%AD%E0%B8%99%E0%B9%82%E0%B8%94-%E0%B8%A8%E0%B8%B8%E0%B8%A0%E0%B8%B2%E0%B8%A5%E0%B8%B1%E0%B8%A2-%E0%B8%A1%E0%B8%AD%E0%B8%99%E0%B9%80%E0%B8%95%E0%B9%89-%E0%B9%81%E0%B8%AD%E0%B8%97-%E0%B9%80%E0%B8%A7%E0%B8%B5%E0%B8%A2%E0%B8%87-%E0%B8%95%E0%B8%B4%E0%B8%94%E0%B8%AD%E0%B8%B2%E0%B9%80%E0%B8%82%E0%B8%95-%E0%B9%83%E0%B8%81%E0%B8%A5%E0%B9%89%E0%B9%80%E0%B8%8B%E0%B8%99%E0%B8%97%E0%B8%A3%E0%B8%B1%E0%B8%A5-%E0%B9%80%E0%B8%9F%E0%B8%AA%E0%B8%95%E0%B8%B4%E0%B8%A7%E0%B8%B1%E0%B8%A5-%E0%B8%A3%E0%B8%B2%E0%B8%84%E0%B8%B2-1900000-%E0%B8%9A%E0%B8%B2%E0%B8%97.html
ที่ดิน,"115,000,000 บาท","อ. เมืองเชียงราย—ติดถนนพหลโยธิน กว้าง 8 เลน | ฝั่งตรงข้ามวัดโป่งสลี (เป็นวัดสวยงามขนาดใหญ่) , ถนนพหลโยธิน ต.สันทราย อ.เมืองเชียงราย จ.เชียงราย 57000 | ใกล้ วัดร่องขุ่น 3.6 Km. | ใกล้ Central Plaza เชียงราย 8 Km. | ใกล้ สนามบินแม่ฟ้าหลวง 18 Km. | ใกล้ แยกวงแหวนตัดใหม่ 2 Km. | ใกล้ แยกวงแหวนตัดใหม่ 800 m.","26-0-51 ไร่ | หน้ากว้าง 248 m. | โฉนด 3692 (13 ไร่ 2 งาน 50 ตรว) | โฉนด 3262 (4 ไร่ 1 งาน 91 ตรว) | โฉนด 18728 (5 ไร่ 63 ตรว) | โฉนด 59111 (2 ไร่ 3 งาน 47 ตรว) | รวม 4 โฉนด, รวม 26 ไร่ 51 ตรว",15/100,https://www.livinginsider.com/livingdetail/881643/%E0%B8%82%E0%B8%B2%E0%B8%A2%E0%B8%96%E0%B8%B9%E0%B8%81%E0%B8%A1%E0%B8%B2%E0%B8%81-%E0%B8%97%E0%B8%B5%E0%B9%88%E0%B8%94%E0%B8%B4%E0%B8%99-%E0%B8%AD-%E0%B9%80%E0%B8%A1%E0%B8%B7%E0%B8%AD%E0%B8%87%E0%B9%80%E0%B8%8A%E0%B8%B5%E0%B8%A2%E0%B8%87%E0%B8%A3%E0%B8%B2%E0%B8%A2%E2%80%94%E0%B8%95%E0%B8%B4%E0%B8%94%E0%B8%96%E0%B8%99%E0%B8%99%E0%B8%9E%E0%B8%AB%E0%B8%A5%E0%B9%82%E0%B8%A2%E0%B8%98%E0%B8%B4%E0%B8%99-%E0%B8%81%E0%B8%A7%E0%B9%89%E0%B8%B2%E0%B8%87-8-%E0%B9%80%E0%B8%A5%E0%B8%99-%E0%B8%96%E0%B8%A1%E0%B8%AA%E0%B8%B9%E0%B8%87%E0%B8%81%E0%B8%A7%E0%B9%88%E0%B8%B2%E0%B8%96%E0%B8%99%E0%B8%99%E0%B9%80%E0%B8%A5%E0%B9%87%E0%B8%81%E0%B8%99%E0%B9%89%E0%B8%AD%E0%B8%A2-26-0-51-%E0%B9%84%E0%B8%A3%E0%B9%88-%E0%B8%AB%E0%B8%99%E0%B9%89.html
ที่ดิน,"ไร่ละ 160,000 บ้านสวนกลางดอย อ.พร้าว โฉนด 28-1-54 ไร่ สวนมะม่วง-ลำไยกว่า 400 ต้น ด่วน! ลดราคา 🚩4,550,000 (160,000/ไร่) #บ้านสวนกลางดอย โฉนด 28-1-54 ไร่ ถูกสุดในย่านนี้ แปลงอื่น 200,000-250,000/ไร่ (ราคานี้ถูกมากแล้ว ผู้ซื้อจ่ายภาษีและโอนเองค่ะ) 🚩ที่ดินโฉนดครุฑแดง 28-1-54 ไร่ 🚩บ้านไม้ ขนาด 2 ห้องนอน 🚩โรงเรือนขนาดใหญ่ ห้องพักคนงาน บ่อพักน้ำ 🚩ปลูกมะม่วง ลำไยกว่า 400 ต้น และพืชผลอื่นๆ 💥 ขายเพราะ เจ้าของสูงอายุขึ้น ดูแลไม่ไหวค่ะ 🏡ใกล้ สนง.เทศบาล ต.แม่ปั๋ง อ.พร้าว ใกล้ถนนเชียงใหม่-พร้าว (1001) แค่ 1.5 กม. เหมาะเป็นที่พักตากอากาศ และทำการเกษตร วิวดอยสวยรอบด้าน อากาศเย็นสบายตลอดปี _______________________ 🔹 ️ที่ดินเป็นโฉนด ครุฑแดง นส 4 จ 🔹 ️ปลูกมะม่วงและลำไยกว่า 400 ต้น 🔹️ บ้านปีกไม้สัก 2 ห้องนอน 1 ห้องน้ำ ห้องครัว 🔹️ โกดังเก็บของ 1 หลัง มีห้องพักคนงาน 🔹️ น้ำจากบ่อพักน้ำ และถังเก็บน้ำฝนขนาดใหญ่ 🔹️ ยังไม่ได้ต่อไฟฟ้า ใช้ไฟฟ้าโซล่าเซลล์ได้ค่ะ 🔹️ ที่ดินบนเนินเขาสโลป มองเห็นวิวดอยชัดเจน 🔹️ เป็นที่พัฒนาแล้ว พร้อมสิ่งปลูกสร้าง 🔹️ ที่ดินมีทางเข้า ติดถนนสาธารณะ 4 ทาง ซึ่งมีราคาถูกกว่าที่ดินแปลงอื่นในบริเวณใกล้เคียง (แถวนี้ 200,000-250,000/ไร่) ______________________ ที่ตั้ง. ต.แม่ปั๋ง อ.พร้าว จ.เชียงใหม่ - ห่างตัวเมืองประมาณ 80 กม เดินทาง 1 ชม.กว่า - เข้าซอยจากทางหลวง 1001 แค่ 1.5 กม - เข้าซอยตรงข้ามฟาร์มมหาวิทยาลัยแม่โจ้ - อยู่ใกล้สวนทดลองเพร - ใกล้วัดดอยแม่ปั๋ง 5 กม 🚩 #แจ้งพิกัดเฉพาะลูกค้าที่นัดชมเท่านั้นค่ะ เพราะ GPS บนดอยอาจพาลูกค้าหลงทาง และการดูที่ดินต้องชี้แนวเขต จึงต้องนัดไปชมพร้อมกัน __________________________ ไร่ละ 260,000 ลดเหลือ160,000/ไร่ ขายยกแปลง 4,550,000 ตัดขายถูก จึงขอผู้ซื้อจ่ายภาษีและโอนเองค่ะ สนใจชมบ้าน รบกวนนัดล่วงหน้า 1 วันค่ะ ☎ 🆔 @cmlandhouse #บ้านเชียงใหม่ #ที่ดินเชียงใหม่ #คอนโดเชียงใหม่ #สวนผลไม้",บ้านสวนกลางดอย อ.พร้าว | ต.แม่ปั๋ง อ.พร้าว จ.เชียงใหม่ | ใกล้ สนง.เทศบาล ต.แม่ปั๋ง อ.พร้าว | ใกล้ถนนเชียงใหม่-พร้าว (1001) แค่ 1.5 กม. | ห่างตัวเมืองประมาณ 80 กม | เข้าซอยตรงข้ามฟาร์มมหาวิทยาลัยแม่โจ้ | อยู่ใกล้สวนทดลองเพร | ใกล้วัดดอยแม่ปั๋ง 5 กม,โฉนด 28-1-54 ไร่ | ที่ดินโฉนดครุฑแดง 28-1-54 ไร่ | ปลูกมะม่วงและลำไยกว่า 400 ต้น | บ้านปีกไม้สัก 2 ห้องนอน | โกดังเก็บของ 1 หลัง มีห้องพักคนงาน | ที่ดินบนเนินเขาสโลป,90/100,https://www.livinginsider.com/livingdetail/885879/%E0%B8%94%E0%B9%88%E0%B8%A7%E0%B8%99-%E0%B8%A5%E0%B8%94%E0%B9%80%E0%B8%AB%E0%B8%A5%E0%B8%B7%E0%B8%AD%E0%B9%84%E0%B8%A3%E0%B9%88%E0%B8%A5%E0%B8%B0-160000-%E0%B8%9A%E0%B9%89%E0%B8%B2%E0%B8%99%E0%B8%AA%E0%B8%A7%E0%B8%99%E0%B8%81%E0%B8%A5%E0%B8%B2%E0%B8%87%E0%B8%94%E0%B8%AD%E0%B8%A2-%E0%B8%AD-%E0%B8%9E%E0%B8%A3%E0%B9%89%E0%B8%B2%E0%B8%A7-%E0%B9%82%E0%B8%89%E0%B8%99%E0%B8%94-28-1-54-%E0%B9%84%E0%B8%A3%E0%B9%88-%E0%B8%AA%E0%B8%A7%E0%B8%99%E0%B8%A1%E0%B8%B0%E0%B8%A1%E0%B9%88%E0%B8%A7%E0%B8%87-%E0%B8%A5%E0%B8%B3%E0%B9%83%E0%B8%A2%E0%B8%81%E0%B8%A7%E0%B9%88%E0%B8%B2-400-%E0%B8%95%E0%B9%89%E0%B8%99.html
โรงแรม,ราคาขาย 135 ล้านบาท,กลางเมืองเชียงใหม่ | ใกล้สนามกีฬาเทศบาลเมืองเชียงใหม่ 1 กม. | อนุสาวรีย์ช้างเผือก 500 เมตร | สนามกีฬาเทศบาลเมืองเชียงใหม่ 1 กม. | โรงพยาบาลเชียงใหม่ราม 1.3 กม. | ห้างเมญ่า สี่แยกรินคำ-นิมมานเหมินทร์ 2.3 กม.,"เนื้อที่ดินขนาด 315 ตร.ว. | พื้นที่ใช้สอยประมาณ 2,000 ตร.ม. | ห้อง twin และ ห้อง double รวม 46 ห้อง (ขนาด 20 ตร.ม) | ห้อง Family 16 ห้อง (ขนาด 35 ตร.ม.)",90/100,https://www.livinginsider.com/livingdetail/944909/%E0%B8%82%E0%B8%B2%E0%B8%A2%E0%B9%82%E0%B8%A3%E0%B8%87%E0%B9%81%E0%B8%A3%E0%B8%A1%E0%B8%AB%E0%B8%A3%E0%B8%B9%E0%B8%A3%E0%B8%B0%E0%B8%94%E0%B8%B1%E0%B8%9A-3-%E0%B8%94%E0%B8%B2%E0%B8%A7-%E0%B8%82%E0%B8%99%E0%B8%B2%E0%B8%94-62-%E0%B8%AB%E0%B9%89%E0%B8%AD%E0%B8%87%E0%B8%9E%E0%B8%B1%E0%B8%81-%E0%B8%81%E0%B8%A5%E0%B8%B2%E0%B8%87%E0%B9%80%E0%B8%A1%E0%B8%B7%E0%B8%AD%E0%B8%87%E0%B9%80%E0%B8%8A%E0%B8%B5%E0%B8%A2%E0%B8%87%E0%B9%83%E0%B8%AB%E0%B8%A1%E0%B9%88-%E0%B9%83%E0%B8%81%E0%B8%A5%E0%B9%89%E0%B8%AA%E0%B8%99%E0%B8%B2%E0%B8%A1%E0%B8%81%E0%B8%B5%E0%B8%AC%E0%B8%B2%E0%B9%80%E0%B8%97%E0%B8%A8%E0%B8%9A%E0%B8%B2%E0%B8%A5%E0%B9%80%E0%B8%A1%E0%B8%B7%E0%B8%AD%E0%B8%87%E0%B9%80%E0%B8%8A%E0%B8%B5%E0%B8%A2%E0%B8%87%E0%B9%83%E0%B8%AB%E0%B8%A1%E0%B9%88-1-%E0%B8%81%E0%B8%A1-.html
ที่ดิน,"เพียง 3,700,000 บาท",บ่อดินแห้งแม่โจ้ เชียงใหม่ | บ่อดินหนองหาร เชียงใหม่ | ตำบลหนองหาร อำเภอสันทราย จังหวัดเชียงใหม่ | ห่างจากถนนเชียงใหม่-พร้าว 3 กม. | เข้าทางหมู่บ้านแม่เตาไห | มาทางด้านหลังสวนนงนุช | ใกล้วงแหวนรอบ 4 ที่จะสร้างในอนาคตเพียง 500 เมตร,เนื้อที่ 16 ไร่ 1 งาน 98 ตารางวา | หน้ากว้าง 230 เมตร ลึกประมาณ 30 เมตร | มีพื้นที่ดินบริเวณขอบบ่อ กว้างประมาณ 10 เมตร ลึกประมาณ 150 เมตร,9/100,https://www.livinginsider.com/livingdetail/949016/%E0%B8%82%E0%B8%B2%E0%B8%A2%E0%B8%9A%E0%B9%88%E0%B8%AD%E0%B8%94%E0%B8%B4%E0%B8%99%E0%B9%81%E0%B8%AB%E0%B9%89%E0%B8%87%E0%B9%81%E0%B8%A1%E0%B9%88%E0%B9%82%E0%B8%88%E0%B9%89-%E0%B9%80%E0%B8%8A%E0%B8%B5%E0%B8%A2%E0%B8%87%E0%B9%83%E0%B8%AB%E0%B8%A1%E0%B9%88-%E0%B8%95%E0%B9%88%E0%B8%B3%E0%B8%81%E0%B8%A7%E0%B9%88%E0%B8%B2%E0%B8%A3%E0%B8%B2%E0%B8%84%E0%B8%B2%E0%B8%9B%E0%B8%A3%E0%B8%B0%E0%B9%80%E0%B8%A1%E0%B8%B4%E0%B8%99%E0%B8%81%E0%B8%A3%E0%B8%A1%E0%B8%97%E0%B8%B5%E0%B9%88%E0%B8%94%E0%B8%B4%E0%B8%99-%E0%B9%80%E0%B8%9E%E0%B8%B5%E0%B8%A2%E0%B8%87-231250-%E0%B8%9A%E0%B8%B2%E0%B8%97%E0%B8%95%E0%B9%88%E0%B8%AD%E0%B9%84%E0%B8%A3%E0%B9%88-%E0%B8%82%E0%B8%B2%E0%B8%A2%E0%B8%A2%E0%B8%81%E0%B9%81%E0%B8%9B%E0%B8%A5%E0%B8%87-16-%E0%B9%84%E0%B8%A3%E0%B9%88.html
บ้านเดี่ยว,-,ท่าวังตาล | สารภี | เชียงใหม่ | ใกล้โรงเรียนนานาชาติคริสเตียนเยอรมัน ลานนาอินเตอร์ | ใกล้เมือง | Near interschool saraphi chiangmai | Near Hospital Saraphi/Bangkok Chiangmai | Near Big-C /7-11 | Near Airport 15 km,100 ตรว,15/100,https://www.livinginsider.com/livingdetail/979385/%E0%B8%82%E0%B8%B2%E0%B8%A2-%E0%B9%80%E0%B8%8A%E0%B9%88%E0%B8%B2%E0%B8%9A%E0%B9%89%E0%B8%B2%E0%B8%99%E0%B9%80%E0%B8%94%E0%B8%B5%E0%B9%88%E0%B8%A2%E0%B8%A7%E0%B9%83%E0%B8%AB%E0%B8%A1%E0%B9%88-pool-villa-100-%E0%B8%95%E0%B8%A3%E0%B8%A7-4-%E0%B8%99%E0%B8%AD%E0%B8%99-5-%E0%B8%AB%E0%B9%89%E0%B8%AD%E0%B8%87%E0%B8%99%E0%B9%89%E0%B8%B3-1-%E0%B8%AB%E0%B9%89%E0%B8%AD%E0%B8%87%E0%B9%81%E0%B8%A1%E0%B9%88%E0%B8%9A%E0%B9%89%E0%B8%B2%E0%B8%99%E0%B8%9E%E0%B8%A3%E0%B9%89%E0%B8%AD%E0%B8%A1%E0%B8%AA%E0%B8%A3%E0%B8%B0%E0%B8%A7%E0%B9%88%E0%B8%B2%E0%B8%A2%E0%B8%99%E0%B9%89%E0%B8%B3-%E0%B8%A3%E0%B8%B4%E0%B8%A1%E0%B9%80%E0%B8%A5%E0%B8%84-%E0%B9%83%E0%B8%81%E0%B8%A5%E0%B9%89%E0%B9%82%E0%B8%A3%E0%B8%87%E0%B9%80%E0%B8%A3%E0%B8%B5%E0%B8%A2%E0%B8%99%E0%B8%99%E0%B8%B2%E0%B8%99%E0%B8%B2%E0%B8%8A%E0%B8%B2%E0%B8%95%E0%B8%B4%E0%B8%84%E0%B8%A3%E0%B8%B4%E0%B8%AA%E0%B9%80%E0%B8%95%E0%B8%B5%E0%B8%A2%E0%B8%99%E0%B9%80%E0%B8%A2%E0%B8%AD%E0%B8%A3%E0%B8%A1%E0%B8%B1%E0%B8%99-%E0%B8%A5%E0%B8%B2%E0%B8%99%E0%B8%99%E0%B8%B2%E0%B8%AD%E0%B8%B4%E0%B8%99%E0%B9%80%E0%B8%95%E0%B8%AD%E0%B8%A3%E0%B9%8C-%E0%B8%97%E0%B9%88%E0%B8%B2%E0%B8%A7%E0%B8%B1%E0%B8%87%E0%B8%95%E0%B8%B2%E0%B8%A5-%E0%B8%AA%E0%B8%B2%E0%B8%A3%E0%B8%A0%E0%B8%B5-%E0%B9%80%E0%B8%8A%E0%B8%B5%E0%B8%A2%E0%B8%87%E0%B9%83%E0%B8%AB%E0%B8%A1%E0%B9%88-%E0%B9%83%E0%B8%81%E0%B8%A5%E0%B9%89%E0%B9%80%E0%B8%A1%E0%B8%B7%E0%B8%AD%E0%B8%87-%E0%B8%9A%E0%B8%A3%E0%B8%A3%E0%B8%A2%E0%B8%B2%E0%B8%81%E0%B8%B2%E0%B8%A8%E0%B8%94%E0%B8%B5%E0%B8%A1%E0%B8%B2%E0%B8%81-%E0%B8%9E%E0%B8%A3%E0%B9%89%E0%B8%AD%E0%B8%A1%E0%B9%80%E0%B8%9F%E0%B8%AD%E0%B8%A3%E0%B9%8C-%E0%B8%9E%E0%B8%A3%E0%B9%89%E0%B8%AD%E0%B8%A1%E0%B8%AD%E0%B8%A2%E0%B8%B9%E0%B9%88.html
ที่ดิน,"ราคา 320,000,000บาท","ดอยสวย อำเภอแม่ริม เชียงใหม่ | ดอยส่วนตัว | บนถนนสายการท่องเที่ยวเชียงใหม่ | แห่งเดียวในแม่ริม | ใกล้โรงแรม 4season, สถานที่ท่องเที่ยวร้านกาแฟมากมาย ,Xcenter,สนามยิงปืนแม่ริม | เป็นทางหลักขึ้นไปเที่ยวม่อนแจ่ม น้ำตกแม่สา | หมู่บ้านโฮ่งนอก แม่ริม | 69/1หมู่10 บ้านโฮ่งนอก ต.แม่แรม อ.แม่ริมจ.เชียงใหม่",ที่ดินที่เป็นทุ่งนาประมาณ 18 ไร่ | ดอยสูงส่วนตัว | ในพื้นที่ดินรวม 53 ไร่ 457ตรว.,90/100,https://www.livinginsider.com/livingdetail/980916/%E0%B8%82%E0%B8%B2%E0%B8%A2%E0%B8%97%E0%B8%B5%E0%B9%88%E0%B8%94%E0%B8%B4%E0%B8%99%E0%B8%94%E0%B8%AD%E0%B8%A2%E0%B8%AA%E0%B8%A7%E0%B8%A2-%E0%B8%AD%E0%B8%B3%E0%B9%80%E0%B8%A0%E0%B8%AD%E0%B9%81%E0%B8%A1%E0%B9%88%E0%B8%A3%E0%B8%B4%E0%B8%A1-%E0%B9%80%E0%B8%8A%E0%B8%B5%E0%B8%A2%E0%B8%87%E0%B9%83%E0%B8%AB%E0%B8%A1%E0%B9%88-%E0%B8%99%E0%B9%89%E0%B8%B3%E0%B9%84%E0%B8%A1%E0%B9%88%E0%B8%97%E0%B9%88%E0%B8%A7%E0%B8%A1.html
